{
  "status": "success",
  "data": {
    "id": 3772695,
    "type": 3,
    "seed": {
      "id": null,
      "overworld": null,
      "nether": null,
      "endTowers": null,
      "variations": []
    },
    "category": "ANY",
    "gameMode": "default",
    "players": [
      {
        "uuid": "70eb9286e3e24153a8b37c8f884f1292",
        "nickname": "7rowl",
        "roleType": 3,
        "eloRate": 2196,
        "eloRank": 24,
        "country": "ua"
      },
      {
        "uuid": "0b6c44a481e14c7e88ac836c92499ff4",
        "nickname": "NOHACKSJUSTTIGER",
        "roleType": 3,
        "eloRate": 2194,
        "eloRank": 25,
        "country": "pt"
      }
    ],
    "spectators": [
      {
        "uuid": "ee8e73105b1642e2b85fee32062cbd30",
        "nickname": "devidow",
        "roleType": 0,
        "eloRate": null,
        "eloRank": null,
        "country": "de"
      }
    ],
    "result": {
      "uuid": "70eb9286e3e24153a8b37c8f884f1292",
      "time": 812308
    },
    "forfeited": false,
    "decayed": false,
    "rank": {
      "season": null,
      "allTime": null
    },
    "vod": [],
    "changes": [],
    "completions": [
      {
        "uuid": "70eb9286e3e24153a8b37c8f884f1292",
        "time": 812308
      }
    ],
    "timelines": [
      {
        "uuid": "70eb9286e3e24153a8b37c8f884f1292",
        "time": 802299,
        "type": "projectelo.timeline.dragon_death"
      },
      {
        "uuid": "0b6c44a481e14c7e88ac836c92499ff4",
        "time": 780840,
        "type": "nether.obtain_blaze_rod"
      },
      {
        "uuid": "0b6c44a481e14c7e88ac836c92499ff4",
        "time": 771141,
        "type": "adventure.kill_a_mob"
      },
      {
        "uuid": "0b6c44a481e14c7e88ac836c92499ff4",
        "time": 771135,
        "type": "adventure.root"
      },
      {
        "uuid": "70eb9286e3e24153a8b37c8f884f1292",
        "time": 753701,
        "type": "adventure.shoot_arrow"
      },
      {
        "uuid": "0b6c44a481e14c7e88ac836c92499ff4",
        "time": 742490,
        "type": "nether.find_fortress"
      },
      {
        "uuid": "70eb9286e3e24153a8b37c8f884f1292",
        "time": 740646,
        "type": "adventure.ol_betsy"
      },
      {
        "uuid": "70eb9286e3e24153a8b37c8f884f1292",
        "time": 712345,
        "type": "end.root"
      },
      {
        "uuid": "70eb9286e3e24153a8b37c8f884f1292",
        "time": 712339,
        "type": "story.enter_the_end"
      },
      {
        "uuid": "0b6c44a481e14c7e88ac836c92499ff4",
        "time": 660791,
        "type": "nether.loot_bastion"
      },
      {
        "uuid": "0b6c44a481e14c7e88ac836c92499ff4",
        "time": 655993,
        "type": "nether.obtain_crying_obsidian"
      },
      {
        "uuid": "70eb9286e3e24153a8b37c8f884f1292",
        "time": 590202,
        "type": "story.follow_ender_eye"
      },
      {
        "uuid": "0b6c44a481e14c7e88ac836c92499ff4",
        "time": 577494,
        "type": "nether.find_bastion"
      },
      {
        "uuid": "0b6c44a481e14c7e88ac836c92499ff4",
        "time": 571243,
        "type": "husbandry.root"
      },
      {
        "uuid": "0b6c44a481e14c7e88ac836c92499ff4",
        "time": 524378,
        "type": "nether.root"
      },
      {
        "uuid": "0b6c44a481e14c7e88ac836c92499ff4",
        "time": 524373,
        "type": "story.enter_the_nether"
      },
      {
        "uuid": "0b6c44a481e14c7e88ac836c92499ff4",
        "time": 517943,
        "type": "story.mine_stone"
      },
      {
        "uuid": "0b6c44a481e14c7e88ac836c92499ff4",
        "time": 502341,
        "type": "story.lava_bucket"
      },
      {
        "uuid": "0b6c44a481e14c7e88ac836c92499ff4",
        "time": 487643,
        "type": "story.form_obsidian"
      },
      {
        "uuid": "70eb9286e3e24153a8b37c8f884f1292",
        "time": 462887,
        "type": "projectelo.timeline.blind_travel"
      },
      {
        "uuid": "0b6c44a481e14c7e88ac836c92499ff4",
        "time": 442992,
        "type": "story.iron_tools"
      },
      {
        "uuid": "0b6c44a481e14c7e88ac836c92499ff4",
        "time": 436546,
        "type": "story.root"
      },
      {
        "uuid": "0b6c44a481e14c7e88ac836c92499ff4",
        "time": 410645,
        "type": "story.smelt_iron"
      },
      {
        "uuid": "0b6c44a481e14c7e88ac836c92499ff4",
        "time": 396861,
        "type": "projectelo.timeline.reset"
      },
      {
        "uuid": "0b6c44a481e14c7e88ac836c92499ff4",
        "time": 394079,
        "type": "projectelo.timeline.death"
      },
      {
        "uuid": "0b6c44a481e14c7e88ac836c92499ff4",
        "time": 394079,
        "type": "adventure.root"
      },
      {
        "uuid": "70eb9286e3e24153a8b37c8f884f1292",
        "time": 384749,
        "type": "nether.obtain_blaze_rod"
      },
      {
        "uuid": "70eb9286e3e24153a8b37c8f884f1292",
        "time": 372598,
        "type": "nether.find_fortress"
      },
      {
        "uuid": "70eb9286e3e24153a8b37c8f884f1292",
        "time": 297626,
        "type": "story.obtain_armor"
      },
      {
        "uuid": "0b6c44a481e14c7e88ac836c92499ff4",
        "time": 294728,
        "type": "husbandry.root"
      },
      {
        "uuid": "0b6c44a481e14c7e88ac836c92499ff4",
        "time": 291828,
        "type": "story.obtain_armor"
      },
      {
        "uuid": "70eb9286e3e24153a8b37c8f884f1292",
        "time": 281058,
        "type": "husbandry.root"
      },
      {
        "uuid": "0b6c44a481e14c7e88ac836c92499ff4",
        "time": 258429,
        "type": "nether.loot_bastion"
      },
      {
        "uuid": "0b6c44a481e14c7e88ac836c92499ff4",
        "time": 252430,
        "type": "nether.obtain_crying_obsidian"
      },
      {
        "uuid": "70eb9286e3e24153a8b37c8f884f1292",
        "time": 249714,
        "type": "nether.loot_bastion"
      },
      {
        "uuid": "70eb9286e3e24153a8b37c8f884f1292",
        "time": 245615,
        "type": "adventure.kill_a_mob"
      },
      {
        "uuid": "70eb9286e3e24153a8b37c8f884f1292",
        "time": 245610,
        "type": "adventure.root"
      },
      {
        "uuid": "70eb9286e3e24153a8b37c8f884f1292",
        "time": 244998,
        "type": "nether.obtain_crying_obsidian"
      },
      {
        "uuid": "0b6c44a481e14c7e88ac836c92499ff4",
        "time": 196779,
        "type": "nether.distract_piglin"
      },
      {
        "uuid": "0b6c44a481e14c7e88ac836c92499ff4",
        "time": 174629,
        "type": "nether.find_bastion"
      },
      {
        "uuid": "70eb9286e3e24153a8b37c8f884f1292",
        "time": 169544,
        "type": "nether.find_bastion"
      },
      {
        "uuid": "70eb9286e3e24153a8b37c8f884f1292",
        "time": 112681,
        "type": "story.enter_the_nether"
      },
      {
        "uuid": "70eb9286e3e24153a8b37c8f884f1292",
        "time": 112676,
        "type": "nether.root"
      },
      {
        "uuid": "70eb9286e3e24153a8b37c8f884f1292",
        "time": 107745,
        "type": "story.mine_stone"
      },
      {
        "uuid": "0b6c44a481e14c7e88ac836c92499ff4",
        "time": 107400,
        "type": "nether.root"
      },
      {
        "uuid": "0b6c44a481e14c7e88ac836c92499ff4",
        "time": 107394,
        "type": "story.enter_the_nether"
      },
      {
        "uuid": "0b6c44a481e14c7e88ac836c92499ff4",
        "time": 105631,
        "type": "story.mine_stone"
      },
      {
        "uuid": "70eb9286e3e24153a8b37c8f884f1292",
        "time": 101343,
        "type": "story.lava_bucket"
      },
      {
        "uuid": "0b6c44a481e14c7e88ac836c92499ff4",
        "time": 96337,
        "type": "story.lava_bucket"
      },
      {
        "uuid": "70eb9286e3e24153a8b37c8f884f1292",
        "time": 91543,
        "type": "story.form_obsidian"
      },
      {
        "uuid": "0b6c44a481e14c7e88ac836c92499ff4",
        "time": 85879,
        "type": "story.form_obsidian"
      },
      {
        "uuid": "70eb9286e3e24153a8b37c8f884f1292",
        "time": 54193,
        "type": "story.iron_tools"
      },
      {
        "uuid": "0b6c44a481e14c7e88ac836c92499ff4",
        "time": 48079,
        "type": "story.iron_tools"
      },
      {
        "uuid": "70eb9286e3e24153a8b37c8f884f1292",
        "time": 46884,
        "type": "story.root"
      },
      {
        "uuid": "0b6c44a481e14c7e88ac836c92499ff4",
        "time": 41740,
        "type": "story.root"
      },
      {
        "uuid": "70eb9286e3e24153a8b37c8f884f1292",
        "time": 22997,
        "type": "story.smelt_iron"
      },
      {
        "uuid": "0b6c44a481e14c7e88ac836c92499ff4",
        "time": 14685,
        "type": "story.smelt_iron"
      }
    ],
    "beginner": false,
    "botSource": null,
    "season": 9,
    "date": 1763826358,
    "seedType": null,
    "bastionType": null,
    "tag": null,
    "replayExist": true
  }
}