{
  "status": "success",
  "data": {
    "id": 3772336,
    "type": 3,
    "seed": {
      "id": null,
      "overworld": null,
      "nether": null,
      "endTowers": null,
      "variations": []
    },
    "category": "ANY",
    "gameMode": "default",
    "players": [
      {
        "uuid": "388533d5a2ad4b349a31db4738670a4b",
        "nickname": "v_strid",
        "roleType": 1,
        "eloRate": 2382,
        "eloRank": 6,
        "country": "se"
      },
      {
        "uuid": "7447dd83b8bc4b7fb97d3ec316f529dc",
        "nickname": "Kxpow",
        "roleType": 0,
        "eloRate": 1675,
        "eloRank": 239,
        "country": "tz"
      }
    ],
    "spectators": [
      {
        "uuid": "ee8e73105b1642e2b85fee32062cbd30",
        "nickname": "devidow",
        "roleType": 0,
        "eloRate": null,
        "eloRank": null,
        "country": "de"
      }
    ],
    "result": {
      "uuid": "7447dd83b8bc4b7fb97d3ec316f529dc",
      "time": 604178
    },
    "forfeited": false,
    "decayed": false,
    "rank": {
      "season": null,
      "allTime": null
    },
    "vod": [],
    "changes": [],
    "completions": [
      {
        "uuid": "7447dd83b8bc4b7fb97d3ec316f529dc",
        "time": 604178
      }
    ],
    "timelines": [
      {
        "uuid": "388533d5a2ad4b349a31db4738670a4b",
        "time": 600995,
        "type": "adventure.shoot_arrow"
      },
      {
        "uuid": "388533d5a2ad4b349a31db4738670a4b",
        "time": 600810,
        "type": "adventure.ol_betsy"
      },
      {
        "uuid": "7447dd83b8bc4b7fb97d3ec316f529dc",
        "time": 594211,
        "type": "projectelo.timeline.dragon_death"
      },
      {
        "uuid": "7447dd83b8bc4b7fb97d3ec316f529dc",
        "time": 594160,
        "type": "end.kill_dragon"
      },
      {
        "uuid": "388533d5a2ad4b349a31db4738670a4b",
        "time": 576298,
        "type": "end.root"
      },
      {
        "uuid": "388533d5a2ad4b349a31db4738670a4b",
        "time": 576293,
        "type": "story.enter_the_end"
      },
      {
        "uuid": "388533d5a2ad4b349a31db4738670a4b",
        "time": 569298,
        "type": "projectelo.timeline.death_spawnpoint"
      },
      {
        "uuid": "388533d5a2ad4b349a31db4738670a4b",
        "time": 544595,
        "type": "story.follow_ender_eye"
      },
      {
        "uuid": "7447dd83b8bc4b7fb97d3ec316f529dc",
        "time": 528306,
        "type": "story.enter_the_end"
      },
      {
        "uuid": "7447dd83b8bc4b7fb97d3ec316f529dc",
        "time": 528301,
        "type": "end.root"
      },
      {
        "uuid": "7447dd83b8bc4b7fb97d3ec316f529dc",
        "time": 508375,
        "type": "story.follow_ender_eye"
      },
      {
        "uuid": "388533d5a2ad4b349a31db4738670a4b",
        "time": 453193,
        "type": "projectelo.timeline.blind_travel"
      },
      {
        "uuid": "7447dd83b8bc4b7fb97d3ec316f529dc",
        "time": 432426,
        "type": "projectelo.timeline.blind_travel"
      },
      {
        "uuid": "388533d5a2ad4b349a31db4738670a4b",
        "time": 379394,
        "type": "nether.obtain_blaze_rod"
      },
      {
        "uuid": "388533d5a2ad4b349a31db4738670a4b",
        "time": 375413,
        "type": "adventure.kill_a_mob"
      },
      {
        "uuid": "388533d5a2ad4b349a31db4738670a4b",
        "time": 375408,
        "type": "adventure.root"
      },
      {
        "uuid": "388533d5a2ad4b349a31db4738670a4b",
        "time": 348745,
        "type": "nether.find_fortress"
      },
      {
        "uuid": "7447dd83b8bc4b7fb97d3ec316f529dc",
        "time": 347631,
        "type": "nether.obtain_blaze_rod"
      },
      {
        "uuid": "7447dd83b8bc4b7fb97d3ec316f529dc",
        "time": 343835,
        "type": "adventure.kill_a_mob"
      },
      {
        "uuid": "7447dd83b8bc4b7fb97d3ec316f529dc",
        "time": 343829,
        "type": "adventure.root"
      },
      {
        "uuid": "7447dd83b8bc4b7fb97d3ec316f529dc",
        "time": 338329,
        "type": "nether.find_fortress"
      },
      {
        "uuid": "7447dd83b8bc4b7fb97d3ec316f529dc",
        "time": 283016,
        "type": "nether.loot_bastion"
      },
      {
        "uuid": "7447dd83b8bc4b7fb97d3ec316f529dc",
        "time": 261578,
        "type": "story.form_obsidian"
      },
      {
        "uuid": "7447dd83b8bc4b7fb97d3ec316f529dc",
        "time": 260577,
        "type": "nether.obtain_crying_obsidian"
      },
      {
        "uuid": "7447dd83b8bc4b7fb97d3ec316f529dc",
        "time": 218379,
        "type": "nether.distract_piglin"
      },
      {
        "uuid": "388533d5a2ad4b349a31db4738670a4b",
        "time": 213544,
        "type": "story.obtain_armor"
      },
      {
        "uuid": "388533d5a2ad4b349a31db4738670a4b",
        "time": 212499,
        "type": "story.form_obsidian"
      },
      {
        "uuid": "388533d5a2ad4b349a31db4738670a4b",
        "time": 212493,
        "type": "nether.obtain_crying_obsidian"
      },
      {
        "uuid": "7447dd83b8bc4b7fb97d3ec316f529dc",
        "time": 199330,
        "type": "nether.find_bastion"
      },
      {
        "uuid": "388533d5a2ad4b349a31db4738670a4b",
        "time": 143703,
        "type": "nether.loot_bastion"
      },
      {
        "uuid": "7447dd83b8bc4b7fb97d3ec316f529dc",
        "time": 132627,
        "type": "nether.root"
      },
      {
        "uuid": "7447dd83b8bc4b7fb97d3ec316f529dc",
        "time": 132622,
        "type": "story.enter_the_nether"
      },
      {
        "uuid": "388533d5a2ad4b349a31db4738670a4b",
        "time": 124693,
        "type": "nether.find_bastion"
      },
      {
        "uuid": "7447dd83b8bc4b7fb97d3ec316f529dc",
        "time": 107578,
        "type": "story.lava_bucket"
      },
      {
        "uuid": "388533d5a2ad4b349a31db4738670a4b",
        "time": 102898,
        "type": "story.enter_the_nether"
      },
      {
        "uuid": "388533d5a2ad4b349a31db4738670a4b",
        "time": 102893,
        "type": "nether.root"
      },
      {
        "uuid": "388533d5a2ad4b349a31db4738670a4b",
        "time": 101192,
        "type": "husbandry.root"
      },
      {
        "uuid": "388533d5a2ad4b349a31db4738670a4b",
        "time": 91840,
        "type": "story.lava_bucket"
      },
      {
        "uuid": "7447dd83b8bc4b7fb97d3ec316f529dc",
        "time": 87129,
        "type": "husbandry.root"
      },
      {
        "uuid": "7447dd83b8bc4b7fb97d3ec316f529dc",
        "time": 72279,
        "type": "story.iron_tools"
      },
      {
        "uuid": "388533d5a2ad4b349a31db4738670a4b",
        "time": 69690,
        "type": "story.iron_tools"
      },
      {
        "uuid": "7447dd83b8bc4b7fb97d3ec316f529dc",
        "time": 62876,
        "type": "story.root"
      },
      {
        "uuid": "388533d5a2ad4b349a31db4738670a4b",
        "time": 60081,
        "type": "story.root"
      },
      {
        "uuid": "7447dd83b8bc4b7fb97d3ec316f529dc",
        "time": 28732,
        "type": "story.mine_stone"
      },
      {
        "uuid": "7447dd83b8bc4b7fb97d3ec316f529dc",
        "time": 26381,
        "type": "story.smelt_iron"
      },
      {
        "uuid": "388533d5a2ad4b349a31db4738670a4b",
        "time": 24393,
        "type": "story.mine_stone"
      },
      {
        "uuid": "388533d5a2ad4b349a31db4738670a4b",
        "time": 23392,
        "type": "story.smelt_iron"
      }
    ],
    "beginner": false,
    "botSource": null,
    "season": 9,
    "date": 1763823999,
    "seedType": null,
    "bastionType": null,
    "tag": null,
    "replayExist": true
  }
}