{
  "status": "success",
  "data": {
    "id": 3773284,
    "type": 3,
    "seed": {
      "id": null,
      "overworld": null,
      "nether": null,
      "endTowers": null,
      "variations": []
    },
    "category": "ANY",
    "gameMode": "default",
    "players": [
      {
        "uuid": "3b01d4b4fef14f178b75f05c04dd34ef",
        "nickname": "BeefSalad",
        "roleType": 3,
        "eloRate": 2319,
        "eloRank": 10,
        "country": "gb"
      },
      {
        "uuid": "17e787d1d6374f818b294f2319db370d",
        "nickname": "silverrruns",
        "roleType": 2,
        "eloRate": 2215,
        "eloRank": 23,
        "country": "ca"
      }
    ],
    "spectators": [
      {
        "uuid": "ee8e73105b1642e2b85fee32062cbd30",
        "nickname": "devidow",
        "roleType": 0,
        "eloRate": null,
        "eloRank": null,
        "country": "de"
      }
    ],
    "result": {
      "uuid": "3b01d4b4fef14f178b75f05c04dd34ef",
      "time": 641843
    },
    "forfeited": false,
    "decayed": false,
    "rank": {
      "season": null,
      "allTime": null
    },
    "vod": [],
    "changes": [],
    "completions": [
      {
        "uuid": "3b01d4b4fef14f178b75f05c04dd34ef",
        "time": 641843
      }
    ],
    "timelines": [
      {
        "uuid": "3b01d4b4fef14f178b75f05c04dd34ef",
        "time": 631886,
        "type": "projectelo.timeline.dragon_death"
      },
      {
        "uuid": "3b01d4b4fef14f178b75f05c04dd34ef",
        "time": 569036,
        "type": "adventure.shoot_arrow"
      },
      {
        "uuid": "17e787d1d6374f818b294f2319db370d",
        "time": 542498,
        "type": "projectelo.timeline.death"
      },
      {
        "uuid": "3b01d4b4fef14f178b75f05c04dd34ef",
        "time": 531523,
        "type": "adventure.ol_betsy"
      },
      {
        "uuid": "17e787d1d6374f818b294f2319db370d",
        "time": 510241,
        "type": "adventure.ol_betsy"
      },
      {
        "uuid": "3b01d4b4fef14f178b75f05c04dd34ef",
        "time": 507718,
        "type": "end.root"
      },
      {
        "uuid": "3b01d4b4fef14f178b75f05c04dd34ef",
        "time": 507712,
        "type": "story.enter_the_end"
      },
      {
        "uuid": "3b01d4b4fef14f178b75f05c04dd34ef",
        "time": 485486,
        "type": "story.follow_ender_eye"
      },
      {
        "uuid": "17e787d1d6374f818b294f2319db370d",
        "time": 479342,
        "type": "story.enter_the_end"
      },
      {
        "uuid": "17e787d1d6374f818b294f2319db370d",
        "time": 479337,
        "type": "end.root"
      },
      {
        "uuid": "17e787d1d6374f818b294f2319db370d",
        "time": 453850,
        "type": "story.follow_ender_eye"
      },
      {
        "uuid": "3b01d4b4fef14f178b75f05c04dd34ef",
        "time": 417328,
        "type": "projectelo.timeline.blind_travel"
      },
      {
        "uuid": "3b01d4b4fef14f178b75f05c04dd34ef",
        "time": 383639,
        "type": "nether.obtain_blaze_rod"
      },
      {
        "uuid": "17e787d1d6374f818b294f2319db370d",
        "time": 383394,
        "type": "projectelo.timeline.blind_travel"
      },
      {
        "uuid": "3b01d4b4fef14f178b75f05c04dd34ef",
        "time": 343438,
        "type": "nether.find_fortress"
      },
      {
        "uuid": "17e787d1d6374f818b294f2319db370d",
        "time": 333704,
        "type": "nether.obtain_blaze_rod"
      },
      {
        "uuid": "17e787d1d6374f818b294f2319db370d",
        "time": 304028,
        "type": "adventure.kill_a_mob"
      },
      {
        "uuid": "17e787d1d6374f818b294f2319db370d",
        "time": 292805,
        "type": "nether.find_fortress"
      },
      {
        "uuid": "17e787d1d6374f818b294f2319db370d",
        "time": 282005,
        "type": "husbandry.root"
      },
      {
        "uuid": "3b01d4b4fef14f178b75f05c04dd34ef",
        "time": 184895,
        "type": "adventure.kill_a_mob"
      },
      {
        "uuid": "3b01d4b4fef14f178b75f05c04dd34ef",
        "time": 181034,
        "type": "story.obtain_armor"
      },
      {
        "uuid": "17e787d1d6374f818b294f2319db370d",
        "time": 179605,
        "type": "nether.obtain_crying_obsidian"
      },
      {
        "uuid": "17e787d1d6374f818b294f2319db370d",
        "time": 178956,
        "type": "story.obtain_armor"
      },
      {
        "uuid": "3b01d4b4fef14f178b75f05c04dd34ef",
        "time": 158935,
        "type": "nether.obtain_crying_obsidian"
      },
      {
        "uuid": "3b01d4b4fef14f178b75f05c04dd34ef",
        "time": 142185,
        "type": "husbandry.root"
      },
      {
        "uuid": "17e787d1d6374f818b294f2319db370d",
        "time": 125661,
        "type": "story.mine_stone"
      },
      {
        "uuid": "3b01d4b4fef14f178b75f05c04dd34ef",
        "time": 124186,
        "type": "story.mine_stone"
      },
      {
        "uuid": "3b01d4b4fef14f178b75f05c04dd34ef",
        "time": 104285,
        "type": "story.smelt_iron"
      },
      {
        "uuid": "17e787d1d6374f818b294f2319db370d",
        "time": 101655,
        "type": "story.smelt_iron"
      },
      {
        "uuid": "3b01d4b4fef14f178b75f05c04dd34ef",
        "time": 97995,
        "type": "nether.loot_bastion"
      },
      {
        "uuid": "17e787d1d6374f818b294f2319db370d",
        "time": 95331,
        "type": "nether.loot_bastion"
      },
      {
        "uuid": "3b01d4b4fef14f178b75f05c04dd34ef",
        "time": 91988,
        "type": "nether.find_bastion"
      },
      {
        "uuid": "17e787d1d6374f818b294f2319db370d",
        "time": 88810,
        "type": "nether.find_bastion"
      },
      {
        "uuid": "3b01d4b4fef14f178b75f05c04dd34ef",
        "time": 83745,
        "type": "nether.root"
      },
      {
        "uuid": "3b01d4b4fef14f178b75f05c04dd34ef",
        "time": 83739,
        "type": "story.enter_the_nether"
      },
      {
        "uuid": "17e787d1d6374f818b294f2319db370d",
        "time": 79648,
        "type": "nether.root"
      },
      {
        "uuid": "17e787d1d6374f818b294f2319db370d",
        "time": 79642,
        "type": "story.enter_the_nether"
      },
      {
        "uuid": "3b01d4b4fef14f178b75f05c04dd34ef",
        "time": 50604,
        "type": "adventure.root"
      },
      {
        "uuid": "17e787d1d6374f818b294f2319db370d",
        "time": 44309,
        "type": "adventure.root"
      },
      {
        "uuid": "3b01d4b4fef14f178b75f05c04dd34ef",
        "time": 29532,
        "type": "story.iron_tools"
      },
      {
        "uuid": "17e787d1d6374f818b294f2319db370d",
        "time": 27607,
        "type": "story.iron_tools"
      },
      {
        "uuid": "3b01d4b4fef14f178b75f05c04dd34ef",
        "time": 23321,
        "type": "story.root"
      },
      {
        "uuid": "17e787d1d6374f818b294f2319db370d",
        "time": 21037,
        "type": "story.root"
      },
      {
        "uuid": "3b01d4b4fef14f178b75f05c04dd34ef",
        "time": 5782,
        "type": "story.form_obsidian"
      },
      {
        "uuid": "17e787d1d6374f818b294f2319db370d",
        "time": 5359,
        "type": "story.form_obsidian"
      }
    ],
    "beginner": false,
    "botSource": null,
    "season": 9,
    "date": 1763829839,
    "seedType": null,
    "bastionType": null,
    "tag": null,
    "replayExist": true
  }
}