{
  "status": "success",
  "data": {
    "id": 3773148,
    "type": 3,
    "seed": {
      "id": null,
      "overworld": null,
      "nether": null,
      "endTowers": null,
      "variations": []
    },
    "category": "ANY",
    "gameMode": "default",
    "players": [
      {
        "uuid": "17e787d1d6374f818b294f2319db370d",
        "nickname": "silverrruns",
        "roleType": 2,
        "eloRate": 2215,
        "eloRank": 23,
        "country": "ca"
      },
      {
        "uuid": "3b01d4b4fef14f178b75f05c04dd34ef",
        "nickname": "BeefSalad",
        "roleType": 3,
        "eloRate": 2319,
        "eloRank": 10,
        "country": "gb"
      }
    ],
    "spectators": [
      {
        "uuid": "ee8e73105b1642e2b85fee32062cbd30",
        "nickname": "devidow",
        "roleType": 0,
        "eloRate": null,
        "eloRank": null,
        "country": "de"
      }
    ],
    "result": {
      "uuid": "3b01d4b4fef14f178b75f05c04dd34ef",
      "time": 641765
    },
    "forfeited": false,
    "decayed": false,
    "rank": {
      "season": null,
      "allTime": null
    },
    "vod": [],
    "changes": [],
    "completions": [
      {
        "uuid": "3b01d4b4fef14f178b75f05c04dd34ef",
        "time": 641765
      }
    ],
    "timelines": [
      {
        "uuid": "3b01d4b4fef14f178b75f05c04dd34ef",
        "time": 631843,
        "type": "projectelo.timeline.dragon_death"
      },
      {
        "uuid": "3b01d4b4fef14f178b75f05c04dd34ef",
        "time": 624657,
        "type": "end.kill_dragon"
      },
      {
        "uuid": "3b01d4b4fef14f178b75f05c04dd34ef",
        "time": 619802,
        "type": "adventure.shoot_arrow"
      },
      {
        "uuid": "3b01d4b4fef14f178b75f05c04dd34ef",
        "time": 619645,
        "type": "adventure.ol_betsy"
      },
      {
        "uuid": "17e787d1d6374f818b294f2319db370d",
        "time": 616096,
        "type": "story.follow_ender_eye"
      },
      {
        "uuid": "3b01d4b4fef14f178b75f05c04dd34ef",
        "time": 591389,
        "type": "story.enter_the_end"
      },
      {
        "uuid": "3b01d4b4fef14f178b75f05c04dd34ef",
        "time": 591383,
        "type": "end.root"
      },
      {
        "uuid": "3b01d4b4fef14f178b75f05c04dd34ef",
        "time": 577255,
        "type": "projectelo.timeline.death_spawnpoint"
      },
      {
        "uuid": "17e787d1d6374f818b294f2319db370d",
        "time": 569917,
        "type": "projectelo.timeline.death_spawnpoint"
      },
      {
        "uuid": "3b01d4b4fef14f178b75f05c04dd34ef",
        "time": 467256,
        "type": "story.follow_ender_eye"
      },
      {
        "uuid": "17e787d1d6374f818b294f2319db370d",
        "time": 402394,
        "type": "projectelo.timeline.blind_travel"
      },
      {
        "uuid": "3b01d4b4fef14f178b75f05c04dd34ef",
        "time": 350598,
        "type": "projectelo.timeline.blind_travel"
      },
      {
        "uuid": "17e787d1d6374f818b294f2319db370d",
        "time": 338603,
        "type": "nether.obtain_blaze_rod"
      },
      {
        "uuid": "17e787d1d6374f818b294f2319db370d",
        "time": 334529,
        "type": "adventure.root"
      },
      {
        "uuid": "17e787d1d6374f818b294f2319db370d",
        "time": 334524,
        "type": "adventure.kill_a_mob"
      },
      {
        "uuid": "17e787d1d6374f818b294f2319db370d",
        "time": 326602,
        "type": "nether.find_fortress"
      },
      {
        "uuid": "3b01d4b4fef14f178b75f05c04dd34ef",
        "time": 303556,
        "type": "nether.obtain_blaze_rod"
      },
      {
        "uuid": "3b01d4b4fef14f178b75f05c04dd34ef",
        "time": 300511,
        "type": "adventure.root"
      },
      {
        "uuid": "3b01d4b4fef14f178b75f05c04dd34ef",
        "time": 300505,
        "type": "adventure.kill_a_mob"
      },
      {
        "uuid": "3b01d4b4fef14f178b75f05c04dd34ef",
        "time": 293805,
        "type": "nether.find_fortress"
      },
      {
        "uuid": "3b01d4b4fef14f178b75f05c04dd34ef",
        "time": 278505,
        "type": "husbandry.root"
      },
      {
        "uuid": "17e787d1d6374f818b294f2319db370d",
        "time": 241200,
        "type": "husbandry.root"
      },
      {
        "uuid": "17e787d1d6374f818b294f2319db370d",
        "time": 215276,
        "type": "nether.loot_bastion"
      },
      {
        "uuid": "17e787d1d6374f818b294f2319db370d",
        "time": 202253,
        "type": "story.form_obsidian"
      },
      {
        "uuid": "3b01d4b4fef14f178b75f05c04dd34ef",
        "time": 194703,
        "type": "nether.loot_bastion"
      },
      {
        "uuid": "3b01d4b4fef14f178b75f05c04dd34ef",
        "time": 187804,
        "type": "nether.obtain_crying_obsidian"
      },
      {
        "uuid": "3b01d4b4fef14f178b75f05c04dd34ef",
        "time": 187704,
        "type": "story.form_obsidian"
      },
      {
        "uuid": "17e787d1d6374f818b294f2319db370d",
        "time": 186053,
        "type": "nether.obtain_crying_obsidian"
      },
      {
        "uuid": "3b01d4b4fef14f178b75f05c04dd34ef",
        "time": 173349,
        "type": "nether.distract_piglin"
      },
      {
        "uuid": "17e787d1d6374f818b294f2319db370d",
        "time": 171202,
        "type": "nether.distract_piglin"
      },
      {
        "uuid": "17e787d1d6374f818b294f2319db370d",
        "time": 149357,
        "type": "nether.find_bastion"
      },
      {
        "uuid": "3b01d4b4fef14f178b75f05c04dd34ef",
        "time": 146804,
        "type": "nether.find_bastion"
      },
      {
        "uuid": "17e787d1d6374f818b294f2319db370d",
        "time": 105559,
        "type": "nether.root"
      },
      {
        "uuid": "17e787d1d6374f818b294f2319db370d",
        "time": 105554,
        "type": "story.enter_the_nether"
      },
      {
        "uuid": "3b01d4b4fef14f178b75f05c04dd34ef",
        "time": 103606,
        "type": "story.enter_the_nether"
      },
      {
        "uuid": "3b01d4b4fef14f178b75f05c04dd34ef",
        "time": 103606,
        "type": "nether.root"
      },
      {
        "uuid": "3b01d4b4fef14f178b75f05c04dd34ef",
        "time": 92699,
        "type": "story.mine_stone"
      },
      {
        "uuid": "17e787d1d6374f818b294f2319db370d",
        "time": 89545,
        "type": "story.mine_stone"
      },
      {
        "uuid": "3b01d4b4fef14f178b75f05c04dd34ef",
        "time": 86548,
        "type": "story.lava_bucket"
      },
      {
        "uuid": "17e787d1d6374f818b294f2319db370d",
        "time": 84951,
        "type": "story.lava_bucket"
      },
      {
        "uuid": "3b01d4b4fef14f178b75f05c04dd34ef",
        "time": 35597,
        "type": "story.iron_tools"
      },
      {
        "uuid": "17e787d1d6374f818b294f2319db370d",
        "time": 33856,
        "type": "story.iron_tools"
      },
      {
        "uuid": "3b01d4b4fef14f178b75f05c04dd34ef",
        "time": 31065,
        "type": "story.root"
      },
      {
        "uuid": "17e787d1d6374f818b294f2319db370d",
        "time": 27824,
        "type": "story.root"
      },
      {
        "uuid": "3b01d4b4fef14f178b75f05c04dd34ef",
        "time": 16104,
        "type": "story.smelt_iron"
      },
      {
        "uuid": "3b01d4b4fef14f178b75f05c04dd34ef",
        "time": 16100,
        "type": "story.mine_diamond"
      },
      {
        "uuid": "17e787d1d6374f818b294f2319db370d",
        "time": 15314,
        "type": "story.smelt_iron"
      },
      {
        "uuid": "17e787d1d6374f818b294f2319db370d",
        "time": 15308,
        "type": "story.mine_diamond"
      }
    ],
    "beginner": false,
    "botSource": null,
    "season": 9,
    "date": 1763829083,
    "seedType": null,
    "bastionType": null,
    "tag": null,
    "replayExist": true
  }
}