{
  "status": "success",
  "data": {
    "id": 3773661,
    "type": 3,
    "seed": {
      "id": null,
      "overworld": null,
      "nether": null,
      "endTowers": null,
      "variations": []
    },
    "category": "ANY",
    "gameMode": "default",
    "players": [
      {
        "uuid": "92b63a39b36a445fa94c77ae212dcea3",
        "nickname": "bing_pigs",
        "roleType": 1,
        "eloRate": 2295,
        "eloRank": 13,
        "country": "au"
      },
      {
        "uuid": "7c92678742eb4e819f3122017697ae3d",
        "nickname": "hackingnoises",
        "roleType": 3,
        "eloRate": 1978,
        "eloRank": 74,
        "country": "hk"
      }
    ],
    "spectators": [
      {
        "uuid": "ee8e73105b1642e2b85fee32062cbd30",
        "nickname": "devidow",
        "roleType": 0,
        "eloRate": null,
        "eloRank": null,
        "country": "de"
      }
    ],
    "result": {
      "uuid": "92b63a39b36a445fa94c77ae212dcea3",
      "time": 578714
    },
    "forfeited": false,
    "decayed": false,
    "rank": {
      "season": null,
      "allTime": null
    },
    "vod": [],
    "changes": [],
    "completions": [
      {
        "uuid": "92b63a39b36a445fa94c77ae212dcea3",
        "time": 578714
      }
    ],
    "timelines": [
      {
        "uuid": "7c92678742eb4e819f3122017697ae3d",
        "time": 570850,
        "type": "story.enter_the_end"
      },
      {
        "uuid": "7c92678742eb4e819f3122017697ae3d",
        "time": 570844,
        "type": "end.root"
      },
      {
        "uuid": "92b63a39b36a445fa94c77ae212dcea3",
        "time": 568740,
        "type": "projectelo.timeline.dragon_death"
      },
      {
        "uuid": "92b63a39b36a445fa94c77ae212dcea3",
        "time": 554756,
        "type": "end.kill_dragon"
      },
      {
        "uuid": "92b63a39b36a445fa94c77ae212dcea3",
        "time": 550740,
        "type": "adventure.shoot_arrow"
      },
      {
        "uuid": "7c92678742eb4e819f3122017697ae3d",
        "time": 541043,
        "type": "projectelo.timeline.death_spawnpoint"
      },
      {
        "uuid": "92b63a39b36a445fa94c77ae212dcea3",
        "time": 525425,
        "type": "story.enter_the_end"
      },
      {
        "uuid": "92b63a39b36a445fa94c77ae212dcea3",
        "time": 525420,
        "type": "end.root"
      },
      {
        "uuid": "92b63a39b36a445fa94c77ae212dcea3",
        "time": 515341,
        "type": "projectelo.timeline.death_spawnpoint"
      },
      {
        "uuid": "92b63a39b36a445fa94c77ae212dcea3",
        "time": 501194,
        "type": "story.mine_stone"
      },
      {
        "uuid": "92b63a39b36a445fa94c77ae212dcea3",
        "time": 487392,
        "type": "story.follow_ender_eye"
      },
      {
        "uuid": "7c92678742eb4e819f3122017697ae3d",
        "time": 487089,
        "type": "story.follow_ender_eye"
      },
      {
        "uuid": "92b63a39b36a445fa94c77ae212dcea3",
        "time": 412443,
        "type": "projectelo.timeline.death_spawnpoint"
      },
      {
        "uuid": "7c92678742eb4e819f3122017697ae3d",
        "time": 386238,
        "type": "projectelo.timeline.death_spawnpoint"
      },
      {
        "uuid": "7c92678742eb4e819f3122017697ae3d",
        "time": 384839,
        "type": "story.mine_stone"
      },
      {
        "uuid": "92b63a39b36a445fa94c77ae212dcea3",
        "time": 348211,
        "type": "projectelo.timeline.blind_travel"
      },
      {
        "uuid": "7c92678742eb4e819f3122017697ae3d",
        "time": 338316,
        "type": "projectelo.timeline.blind_travel"
      },
      {
        "uuid": "7c92678742eb4e819f3122017697ae3d",
        "time": 288590,
        "type": "nether.obtain_blaze_rod"
      },
      {
        "uuid": "7c92678742eb4e819f3122017697ae3d",
        "time": 286898,
        "type": "adventure.kill_a_mob"
      },
      {
        "uuid": "7c92678742eb4e819f3122017697ae3d",
        "time": 280991,
        "type": "nether.find_fortress"
      },
      {
        "uuid": "92b63a39b36a445fa94c77ae212dcea3",
        "time": 272039,
        "type": "nether.obtain_blaze_rod"
      },
      {
        "uuid": "92b63a39b36a445fa94c77ae212dcea3",
        "time": 271108,
        "type": "adventure.kill_a_mob"
      },
      {
        "uuid": "92b63a39b36a445fa94c77ae212dcea3",
        "time": 266789,
        "type": "nether.find_fortress"
      },
      {
        "uuid": "7c92678742eb4e819f3122017697ae3d",
        "time": 198441,
        "type": "nether.obtain_crying_obsidian"
      },
      {
        "uuid": "7c92678742eb4e819f3122017697ae3d",
        "time": 197990,
        "type": "story.obtain_armor"
      },
      {
        "uuid": "92b63a39b36a445fa94c77ae212dcea3",
        "time": 173089,
        "type": "nether.obtain_crying_obsidian"
      },
      {
        "uuid": "92b63a39b36a445fa94c77ae212dcea3",
        "time": 168388,
        "type": "husbandry.root"
      },
      {
        "uuid": "7c92678742eb4e819f3122017697ae3d",
        "time": 108891,
        "type": "husbandry.root"
      },
      {
        "uuid": "7c92678742eb4e819f3122017697ae3d",
        "time": 99642,
        "type": "story.iron_tools"
      },
      {
        "uuid": "7c92678742eb4e819f3122017697ae3d",
        "time": 94388,
        "type": "story.smelt_iron"
      },
      {
        "uuid": "92b63a39b36a445fa94c77ae212dcea3",
        "time": 94337,
        "type": "story.iron_tools"
      },
      {
        "uuid": "7c92678742eb4e819f3122017697ae3d",
        "time": 92996,
        "type": "nether.loot_bastion"
      },
      {
        "uuid": "92b63a39b36a445fa94c77ae212dcea3",
        "time": 90668,
        "type": "story.root"
      },
      {
        "uuid": "92b63a39b36a445fa94c77ae212dcea3",
        "time": 88444,
        "type": "story.smelt_iron"
      },
      {
        "uuid": "92b63a39b36a445fa94c77ae212dcea3",
        "time": 73759,
        "type": "nether.loot_bastion"
      },
      {
        "uuid": "7c92678742eb4e819f3122017697ae3d",
        "time": 65499,
        "type": "nether.find_bastion"
      },
      {
        "uuid": "92b63a39b36a445fa94c77ae212dcea3",
        "time": 60789,
        "type": "nether.find_bastion"
      },
      {
        "uuid": "7c92678742eb4e819f3122017697ae3d",
        "time": 58218,
        "type": "story.enter_the_nether"
      },
      {
        "uuid": "7c92678742eb4e819f3122017697ae3d",
        "time": 58214,
        "type": "nether.root"
      },
      {
        "uuid": "92b63a39b36a445fa94c77ae212dcea3",
        "time": 50804,
        "type": "nether.root"
      },
      {
        "uuid": "92b63a39b36a445fa94c77ae212dcea3",
        "time": 50799,
        "type": "story.enter_the_nether"
      },
      {
        "uuid": "7c92678742eb4e819f3122017697ae3d",
        "time": 48520,
        "type": "story.root"
      },
      {
        "uuid": "7c92678742eb4e819f3122017697ae3d",
        "time": 20227,
        "type": "adventure.root"
      },
      {
        "uuid": "7c92678742eb4e819f3122017697ae3d",
        "time": 14396,
        "type": "story.form_obsidian"
      },
      {
        "uuid": "92b63a39b36a445fa94c77ae212dcea3",
        "time": 14309,
        "type": "adventure.root"
      },
      {
        "uuid": "92b63a39b36a445fa94c77ae212dcea3",
        "time": 8189,
        "type": "story.form_obsidian"
      }
    ],
    "beginner": false,
    "botSource": null,
    "season": 9,
    "date": 1763832137,
    "seedType": null,
    "bastionType": null,
    "tag": null,
    "replayExist": true
  }
}