{
  "status": "success",
  "data": {
    "id": 3774232,
    "type": 3,
    "seed": {
      "id": null,
      "overworld": null,
      "nether": null,
      "endTowers": null,
      "variations": []
    },
    "category": "ANY",
    "gameMode": "default",
    "players": [
      {
        "uuid": "70eb9286e3e24153a8b37c8f884f1292",
        "nickname": "7rowl",
        "roleType": 3,
        "eloRate": 2196,
        "eloRank": 24,
        "country": "ua"
      },
      {
        "uuid": "7447dd83b8bc4b7fb97d3ec316f529dc",
        "nickname": "Kxpow",
        "roleType": 0,
        "eloRate": 1675,
        "eloRank": 239,
        "country": "tz"
      }
    ],
    "spectators": [
      {
        "uuid": "dcefd1a265fe4699ae3b56bd548644ec",
        "nickname": "he1ianthus",
        "roleType": 0,
        "eloRate": null,
        "eloRank": null,
        "country": null
      }
    ],
    "result": {
      "uuid": "70eb9286e3e24153a8b37c8f884f1292",
      "time": 590161
    },
    "forfeited": false,
    "decayed": false,
    "rank": {
      "season": null,
      "allTime": null
    },
    "vod": [],
    "changes": [],
    "completions": [
      {
        "uuid": "70eb9286e3e24153a8b37c8f884f1292",
        "time": 590161
      }
    ],
    "timelines": [
      {
        "uuid": "70eb9286e3e24153a8b37c8f884f1292",
        "time": 580198,
        "type": "projectelo.timeline.dragon_death"
      },
      {
        "uuid": "70eb9286e3e24153a8b37c8f884f1292",
        "time": 570921,
        "type": "end.kill_dragon"
      },
      {
        "uuid": "70eb9286e3e24153a8b37c8f884f1292",
        "time": 563698,
        "type": "adventure.shoot_arrow"
      },
      {
        "uuid": "7447dd83b8bc4b7fb97d3ec316f529dc",
        "time": 555284,
        "type": "projectelo.timeline.death"
      },
      {
        "uuid": "70eb9286e3e24153a8b37c8f884f1292",
        "time": 534880,
        "type": "end.root"
      },
      {
        "uuid": "70eb9286e3e24153a8b37c8f884f1292",
        "time": 534878,
        "type": "story.enter_the_end"
      },
      {
        "uuid": "70eb9286e3e24153a8b37c8f884f1292",
        "time": 525149,
        "type": "projectelo.timeline.death_spawnpoint"
      },
      {
        "uuid": "70eb9286e3e24153a8b37c8f884f1292",
        "time": 506896,
        "type": "story.follow_ender_eye"
      },
      {
        "uuid": "7447dd83b8bc4b7fb97d3ec316f529dc",
        "time": 436536,
        "type": "projectelo.timeline.death_spawnpoint"
      },
      {
        "uuid": "70eb9286e3e24153a8b37c8f884f1292",
        "time": 433650,
        "type": "projectelo.timeline.death_spawnpoint"
      },
      {
        "uuid": "7447dd83b8bc4b7fb97d3ec316f529dc",
        "time": 401860,
        "type": "projectelo.timeline.blind_travel"
      },
      {
        "uuid": "70eb9286e3e24153a8b37c8f884f1292",
        "time": 397174,
        "type": "projectelo.timeline.blind_travel"
      },
      {
        "uuid": "7447dd83b8bc4b7fb97d3ec316f529dc",
        "time": 350892,
        "type": "nether.obtain_blaze_rod"
      },
      {
        "uuid": "70eb9286e3e24153a8b37c8f884f1292",
        "time": 339249,
        "type": "nether.obtain_blaze_rod"
      },
      {
        "uuid": "7447dd83b8bc4b7fb97d3ec316f529dc",
        "time": 337788,
        "type": "adventure.root"
      },
      {
        "uuid": "7447dd83b8bc4b7fb97d3ec316f529dc",
        "time": 337783,
        "type": "adventure.kill_a_mob"
      },
      {
        "uuid": "70eb9286e3e24153a8b37c8f884f1292",
        "time": 322039,
        "type": "adventure.root"
      },
      {
        "uuid": "70eb9286e3e24153a8b37c8f884f1292",
        "time": 322033,
        "type": "adventure.kill_a_mob"
      },
      {
        "uuid": "7447dd83b8bc4b7fb97d3ec316f529dc",
        "time": 277988,
        "type": "nether.find_fortress"
      },
      {
        "uuid": "70eb9286e3e24153a8b37c8f884f1292",
        "time": 274646,
        "type": "nether.find_fortress"
      },
      {
        "uuid": "70eb9286e3e24153a8b37c8f884f1292",
        "time": 212689,
        "type": "nether.loot_bastion"
      },
      {
        "uuid": "70eb9286e3e24153a8b37c8f884f1292",
        "time": 209647,
        "type": "story.form_obsidian"
      },
      {
        "uuid": "70eb9286e3e24153a8b37c8f884f1292",
        "time": 205752,
        "type": "story.obtain_armor"
      },
      {
        "uuid": "70eb9286e3e24153a8b37c8f884f1292",
        "time": 205747,
        "type": "nether.obtain_crying_obsidian"
      },
      {
        "uuid": "70eb9286e3e24153a8b37c8f884f1292",
        "time": 197096,
        "type": "husbandry.root"
      },
      {
        "uuid": "7447dd83b8bc4b7fb97d3ec316f529dc",
        "time": 178193,
        "type": "story.form_obsidian"
      },
      {
        "uuid": "7447dd83b8bc4b7fb97d3ec316f529dc",
        "time": 156242,
        "type": "husbandry.root"
      },
      {
        "uuid": "7447dd83b8bc4b7fb97d3ec316f529dc",
        "time": 150293,
        "type": "nether.distract_piglin"
      },
      {
        "uuid": "70eb9286e3e24153a8b37c8f884f1292",
        "time": 149597,
        "type": "nether.distract_piglin"
      },
      {
        "uuid": "70eb9286e3e24153a8b37c8f884f1292",
        "time": 141098,
        "type": "nether.find_bastion"
      },
      {
        "uuid": "7447dd83b8bc4b7fb97d3ec316f529dc",
        "time": 139291,
        "type": "nether.obtain_crying_obsidian"
      },
      {
        "uuid": "7447dd83b8bc4b7fb97d3ec316f529dc",
        "time": 137942,
        "type": "nether.loot_bastion"
      },
      {
        "uuid": "7447dd83b8bc4b7fb97d3ec316f529dc",
        "time": 135997,
        "type": "nether.find_bastion"
      },
      {
        "uuid": "70eb9286e3e24153a8b37c8f884f1292",
        "time": 97520,
        "type": "story.enter_the_nether"
      },
      {
        "uuid": "70eb9286e3e24153a8b37c8f884f1292",
        "time": 97515,
        "type": "nether.root"
      },
      {
        "uuid": "7447dd83b8bc4b7fb97d3ec316f529dc",
        "time": 96908,
        "type": "story.enter_the_nether"
      },
      {
        "uuid": "7447dd83b8bc4b7fb97d3ec316f529dc",
        "time": 96903,
        "type": "nether.root"
      },
      {
        "uuid": "70eb9286e3e24153a8b37c8f884f1292",
        "time": 94145,
        "type": "story.mine_stone"
      },
      {
        "uuid": "7447dd83b8bc4b7fb97d3ec316f529dc",
        "time": 90543,
        "type": "story.mine_stone"
      },
      {
        "uuid": "70eb9286e3e24153a8b37c8f884f1292",
        "time": 87545,
        "type": "story.lava_bucket"
      },
      {
        "uuid": "7447dd83b8bc4b7fb97d3ec316f529dc",
        "time": 85940,
        "type": "story.lava_bucket"
      },
      {
        "uuid": "70eb9286e3e24153a8b37c8f884f1292",
        "time": 48746,
        "type": "story.iron_tools"
      },
      {
        "uuid": "7447dd83b8bc4b7fb97d3ec316f529dc",
        "time": 47443,
        "type": "story.iron_tools"
      },
      {
        "uuid": "70eb9286e3e24153a8b37c8f884f1292",
        "time": 41933,
        "type": "story.root"
      },
      {
        "uuid": "7447dd83b8bc4b7fb97d3ec316f529dc",
        "time": 40760,
        "type": "story.root"
      },
      {
        "uuid": "70eb9286e3e24153a8b37c8f884f1292",
        "time": 15301,
        "type": "story.smelt_iron"
      },
      {
        "uuid": "70eb9286e3e24153a8b37c8f884f1292",
        "time": 15296,
        "type": "story.mine_diamond"
      },
      {
        "uuid": "7447dd83b8bc4b7fb97d3ec316f529dc",
        "time": 14304,
        "type": "story.smelt_iron"
      },
      {
        "uuid": "7447dd83b8bc4b7fb97d3ec316f529dc",
        "time": 14298,
        "type": "story.mine_diamond"
      }
    ],
    "beginner": false,
    "botSource": null,
    "season": 9,
    "date": 1763835587,
    "seedType": null,
    "bastionType": null,
    "tag": null,
    "replayExist": true
  }
}