{
  "status": "success",
  "data": {
    "id": 3774499,
    "type": 3,
    "seed": {
      "id": null,
      "overworld": null,
      "nether": null,
      "endTowers": null,
      "variations": []
    },
    "category": "ANY",
    "gameMode": "default",
    "players": [
      {
        "uuid": "70eb9286e3e24153a8b37c8f884f1292",
        "nickname": "7rowl",
        "roleType": 3,
        "eloRate": 2196,
        "eloRank": 24,
        "country": "ua"
      },
      {
        "uuid": "7447dd83b8bc4b7fb97d3ec316f529dc",
        "nickname": "Kxpow",
        "roleType": 0,
        "eloRate": 1675,
        "eloRank": 239,
        "country": "tz"
      }
    ],
    "spectators": [
      {
        "uuid": "dcefd1a265fe4699ae3b56bd548644ec",
        "nickname": "he1ianthus",
        "roleType": 0,
        "eloRate": null,
        "eloRank": null,
        "country": null
      }
    ],
    "result": {
      "uuid": "70eb9286e3e24153a8b37c8f884f1292",
      "time": 654786
    },
    "forfeited": false,
    "decayed": false,
    "rank": {
      "season": null,
      "allTime": null
    },
    "vod": [],
    "changes": [],
    "completions": [
      {
        "uuid": "70eb9286e3e24153a8b37c8f884f1292",
        "time": 654786
      }
    ],
    "timelines": [
      {
        "uuid": "7447dd83b8bc4b7fb97d3ec316f529dc",
        "time": 648781,
        "type": "nether.find_fortress"
      },
      {
        "uuid": "70eb9286e3e24153a8b37c8f884f1292",
        "time": 644826,
        "type": "projectelo.timeline.dragon_death"
      },
      {
        "uuid": "70eb9286e3e24153a8b37c8f884f1292",
        "time": 634123,
        "type": "end.kill_dragon"
      },
      {
        "uuid": "70eb9286e3e24153a8b37c8f884f1292",
        "time": 629227,
        "type": "adventure.shoot_arrow"
      },
      {
        "uuid": "7447dd83b8bc4b7fb97d3ec316f529dc",
        "time": 620675,
        "type": "story.obtain_armor"
      },
      {
        "uuid": "7447dd83b8bc4b7fb97d3ec316f529dc",
        "time": 613482,
        "type": "husbandry.root"
      },
      {
        "uuid": "70eb9286e3e24153a8b37c8f884f1292",
        "time": 600409,
        "type": "story.enter_the_end"
      },
      {
        "uuid": "70eb9286e3e24153a8b37c8f884f1292",
        "time": 600403,
        "type": "end.root"
      },
      {
        "uuid": "70eb9286e3e24153a8b37c8f884f1292",
        "time": 578486,
        "type": "story.follow_ender_eye"
      },
      {
        "uuid": "7447dd83b8bc4b7fb97d3ec316f529dc",
        "time": 524974,
        "type": "story.mine_stone"
      },
      {
        "uuid": "7447dd83b8bc4b7fb97d3ec316f529dc",
        "time": 515883,
        "type": "story.form_obsidian"
      },
      {
        "uuid": "7447dd83b8bc4b7fb97d3ec316f529dc",
        "time": 515878,
        "type": "nether.obtain_crying_obsidian"
      },
      {
        "uuid": "70eb9286e3e24153a8b37c8f884f1292",
        "time": 514529,
        "type": "projectelo.timeline.blind_travel"
      },
      {
        "uuid": "7447dd83b8bc4b7fb97d3ec316f529dc",
        "time": 514477,
        "type": "nether.loot_bastion"
      },
      {
        "uuid": "7447dd83b8bc4b7fb97d3ec316f529dc",
        "time": 513930,
        "type": "nether.find_bastion"
      },
      {
        "uuid": "7447dd83b8bc4b7fb97d3ec316f529dc",
        "time": 455431,
        "type": "nether.root"
      },
      {
        "uuid": "7447dd83b8bc4b7fb97d3ec316f529dc",
        "time": 455426,
        "type": "story.enter_the_nether"
      },
      {
        "uuid": "70eb9286e3e24153a8b37c8f884f1292",
        "time": 450877,
        "type": "nether.obtain_blaze_rod"
      },
      {
        "uuid": "70eb9286e3e24153a8b37c8f884f1292",
        "time": 449671,
        "type": "adventure.root"
      },
      {
        "uuid": "70eb9286e3e24153a8b37c8f884f1292",
        "time": 449666,
        "type": "adventure.kill_a_mob"
      },
      {
        "uuid": "7447dd83b8bc4b7fb97d3ec316f529dc",
        "time": 445724,
        "type": "story.lava_bucket"
      },
      {
        "uuid": "7447dd83b8bc4b7fb97d3ec316f529dc",
        "time": 436278,
        "type": "story.iron_tools"
      },
      {
        "uuid": "7447dd83b8bc4b7fb97d3ec316f529dc",
        "time": 428381,
        "type": "story.root"
      },
      {
        "uuid": "70eb9286e3e24153a8b37c8f884f1292",
        "time": 408728,
        "type": "nether.find_fortress"
      },
      {
        "uuid": "70eb9286e3e24153a8b37c8f884f1292",
        "time": 382875,
        "type": "story.obtain_armor"
      },
      {
        "uuid": "7447dd83b8bc4b7fb97d3ec316f529dc",
        "time": 371297,
        "type": "projectelo.timeline.reset"
      },
      {
        "uuid": "7447dd83b8bc4b7fb97d3ec316f529dc",
        "time": 367379,
        "type": "projectelo.timeline.death"
      },
      {
        "uuid": "7447dd83b8bc4b7fb97d3ec316f529dc",
        "time": 367375,
        "type": "adventure.root"
      },
      {
        "uuid": "7447dd83b8bc4b7fb97d3ec316f529dc",
        "time": 250324,
        "type": "story.obtain_armor"
      },
      {
        "uuid": "70eb9286e3e24153a8b37c8f884f1292",
        "time": 201225,
        "type": "story.form_obsidian"
      },
      {
        "uuid": "70eb9286e3e24153a8b37c8f884f1292",
        "time": 199325,
        "type": "husbandry.root"
      },
      {
        "uuid": "7447dd83b8bc4b7fb97d3ec316f529dc",
        "time": 176376,
        "type": "story.mine_stone"
      },
      {
        "uuid": "70eb9286e3e24153a8b37c8f884f1292",
        "time": 172626,
        "type": "story.mine_stone"
      },
      {
        "uuid": "70eb9286e3e24153a8b37c8f884f1292",
        "time": 171224,
        "type": "nether.distract_piglin"
      },
      {
        "uuid": "7447dd83b8bc4b7fb97d3ec316f529dc",
        "time": 171076,
        "type": "husbandry.root"
      },
      {
        "uuid": "7447dd83b8bc4b7fb97d3ec316f529dc",
        "time": 164675,
        "type": "story.smelt_iron"
      },
      {
        "uuid": "7447dd83b8bc4b7fb97d3ec316f529dc",
        "time": 153379,
        "type": "nether.obtain_crying_obsidian"
      },
      {
        "uuid": "7447dd83b8bc4b7fb97d3ec316f529dc",
        "time": 153373,
        "type": "story.form_obsidian"
      },
      {
        "uuid": "7447dd83b8bc4b7fb97d3ec316f529dc",
        "time": 152226,
        "type": "nether.find_bastion"
      },
      {
        "uuid": "7447dd83b8bc4b7fb97d3ec316f529dc",
        "time": 151987,
        "type": "nether.loot_bastion"
      },
      {
        "uuid": "70eb9286e3e24153a8b37c8f884f1292",
        "time": 150329,
        "type": "nether.obtain_crying_obsidian"
      },
      {
        "uuid": "70eb9286e3e24153a8b37c8f884f1292",
        "time": 150323,
        "type": "story.smelt_iron"
      },
      {
        "uuid": "70eb9286e3e24153a8b37c8f884f1292",
        "time": 147562,
        "type": "nether.loot_bastion"
      },
      {
        "uuid": "70eb9286e3e24153a8b37c8f884f1292",
        "time": 144726,
        "type": "nether.find_bastion"
      },
      {
        "uuid": "70eb9286e3e24153a8b37c8f884f1292",
        "time": 83932,
        "type": "nether.root"
      },
      {
        "uuid": "70eb9286e3e24153a8b37c8f884f1292",
        "time": 83931,
        "type": "story.enter_the_nether"
      },
      {
        "uuid": "7447dd83b8bc4b7fb97d3ec316f529dc",
        "time": 83521,
        "type": "nether.root"
      },
      {
        "uuid": "7447dd83b8bc4b7fb97d3ec316f529dc",
        "time": 83516,
        "type": "story.enter_the_nether"
      },
      {
        "uuid": "70eb9286e3e24153a8b37c8f884f1292",
        "time": 73171,
        "type": "story.lava_bucket"
      },
      {
        "uuid": "7447dd83b8bc4b7fb97d3ec316f529dc",
        "time": 68426,
        "type": "story.lava_bucket"
      },
      {
        "uuid": "70eb9286e3e24153a8b37c8f884f1292",
        "time": 50972,
        "type": "story.iron_tools"
      },
      {
        "uuid": "7447dd83b8bc4b7fb97d3ec316f529dc",
        "time": 50725,
        "type": "story.iron_tools"
      },
      {
        "uuid": "7447dd83b8bc4b7fb97d3ec316f529dc",
        "time": 43807,
        "type": "story.root"
      },
      {
        "uuid": "70eb9286e3e24153a8b37c8f884f1292",
        "time": 41319,
        "type": "story.root"
      }
    ],
    "beginner": false,
    "botSource": null,
    "season": 9,
    "date": 1763837003,
    "seedType": null,
    "bastionType": null,
    "tag": null,
    "replayExist": true
  }
}