{
  "status": "success",
  "data": {
    "id": 3774355,
    "type": 3,
    "seed": {
      "id": null,
      "overworld": null,
      "nether": null,
      "endTowers": null,
      "variations": []
    },
    "category": "ANY",
    "gameMode": "default",
    "players": [
      {
        "uuid": "70eb9286e3e24153a8b37c8f884f1292",
        "nickname": "7rowl",
        "roleType": 3,
        "eloRate": 2196,
        "eloRank": 24,
        "country": "ua"
      },
      {
        "uuid": "7447dd83b8bc4b7fb97d3ec316f529dc",
        "nickname": "Kxpow",
        "roleType": 0,
        "eloRate": 1675,
        "eloRank": 239,
        "country": "tz"
      }
    ],
    "spectators": [
      {
        "uuid": "dcefd1a265fe4699ae3b56bd548644ec",
        "nickname": "he1ianthus",
        "roleType": 0,
        "eloRate": null,
        "eloRank": null,
        "country": null
      }
    ],
    "result": {
      "uuid": "70eb9286e3e24153a8b37c8f884f1292",
      "time": 570650
    },
    "forfeited": false,
    "decayed": false,
    "rank": {
      "season": null,
      "allTime": null
    },
    "vod": [],
    "changes": [],
    "completions": [
      {
        "uuid": "70eb9286e3e24153a8b37c8f884f1292",
        "time": 570650
      }
    ],
    "timelines": [
      {
        "uuid": "70eb9286e3e24153a8b37c8f884f1292",
        "time": 560694,
        "type": "projectelo.timeline.dragon_death"
      },
      {
        "uuid": "70eb9286e3e24153a8b37c8f884f1292",
        "time": 547108,
        "type": "end.kill_dragon"
      },
      {
        "uuid": "70eb9286e3e24153a8b37c8f884f1292",
        "time": 542195,
        "type": "adventure.shoot_arrow"
      },
      {
        "uuid": "70eb9286e3e24153a8b37c8f884f1292",
        "time": 516979,
        "type": "story.enter_the_end"
      },
      {
        "uuid": "70eb9286e3e24153a8b37c8f884f1292",
        "time": 516972,
        "type": "end.root"
      },
      {
        "uuid": "70eb9286e3e24153a8b37c8f884f1292",
        "time": 494880,
        "type": "story.follow_ender_eye"
      },
      {
        "uuid": "7447dd83b8bc4b7fb97d3ec316f529dc",
        "time": 470728,
        "type": "projectelo.timeline.blind_travel"
      },
      {
        "uuid": "7447dd83b8bc4b7fb97d3ec316f529dc",
        "time": 452535,
        "type": "nether.obtain_blaze_rod"
      },
      {
        "uuid": "7447dd83b8bc4b7fb97d3ec316f529dc",
        "time": 430265,
        "type": "adventure.kill_a_mob"
      },
      {
        "uuid": "7447dd83b8bc4b7fb97d3ec316f529dc",
        "time": 412735,
        "type": "nether.find_fortress"
      },
      {
        "uuid": "70eb9286e3e24153a8b37c8f884f1292",
        "time": 394510,
        "type": "projectelo.timeline.blind_travel"
      },
      {
        "uuid": "7447dd83b8bc4b7fb97d3ec316f529dc",
        "time": 392034,
        "type": "story.obtain_armor"
      },
      {
        "uuid": "70eb9286e3e24153a8b37c8f884f1292",
        "time": 350095,
        "type": "nether.obtain_blaze_rod"
      },
      {
        "uuid": "70eb9286e3e24153a8b37c8f884f1292",
        "time": 330312,
        "type": "adventure.kill_a_mob"
      },
      {
        "uuid": "70eb9286e3e24153a8b37c8f884f1292",
        "time": 320145,
        "type": "nether.find_fortress"
      },
      {
        "uuid": "7447dd83b8bc4b7fb97d3ec316f529dc",
        "time": 319438,
        "type": "nether.obtain_crying_obsidian"
      },
      {
        "uuid": "7447dd83b8bc4b7fb97d3ec316f529dc",
        "time": 315987,
        "type": "husbandry.root"
      },
      {
        "uuid": "70eb9286e3e24153a8b37c8f884f1292",
        "time": 295843,
        "type": "story.obtain_armor"
      },
      {
        "uuid": "7447dd83b8bc4b7fb97d3ec316f529dc",
        "time": 240589,
        "type": "story.iron_tools"
      },
      {
        "uuid": "7447dd83b8bc4b7fb97d3ec316f529dc",
        "time": 237889,
        "type": "story.smelt_iron"
      },
      {
        "uuid": "7447dd83b8bc4b7fb97d3ec316f529dc",
        "time": 231561,
        "type": "nether.loot_bastion"
      },
      {
        "uuid": "7447dd83b8bc4b7fb97d3ec316f529dc",
        "time": 229739,
        "type": "nether.find_bastion"
      },
      {
        "uuid": "70eb9286e3e24153a8b37c8f884f1292",
        "time": 217494,
        "type": "nether.obtain_crying_obsidian"
      },
      {
        "uuid": "7447dd83b8bc4b7fb97d3ec316f529dc",
        "time": 206348,
        "type": "story.enter_the_nether"
      },
      {
        "uuid": "7447dd83b8bc4b7fb97d3ec316f529dc",
        "time": 206342,
        "type": "nether.root"
      },
      {
        "uuid": "7447dd83b8bc4b7fb97d3ec316f529dc",
        "time": 185144,
        "type": "adventure.root"
      },
      {
        "uuid": "7447dd83b8bc4b7fb97d3ec316f529dc",
        "time": 148793,
        "type": "story.mine_stone"
      },
      {
        "uuid": "7447dd83b8bc4b7fb97d3ec316f529dc",
        "time": 143493,
        "type": "story.root"
      },
      {
        "uuid": "70eb9286e3e24153a8b37c8f884f1292",
        "time": 141343,
        "type": "husbandry.root"
      },
      {
        "uuid": "70eb9286e3e24153a8b37c8f884f1292",
        "time": 131341,
        "type": "story.iron_tools"
      },
      {
        "uuid": "70eb9286e3e24153a8b37c8f884f1292",
        "time": 129743,
        "type": "story.smelt_iron"
      },
      {
        "uuid": "7447dd83b8bc4b7fb97d3ec316f529dc",
        "time": 127744,
        "type": "story.form_obsidian"
      },
      {
        "uuid": "70eb9286e3e24153a8b37c8f884f1292",
        "time": 122208,
        "type": "nether.loot_bastion"
      },
      {
        "uuid": "70eb9286e3e24153a8b37c8f884f1292",
        "time": 120395,
        "type": "nether.find_bastion"
      },
      {
        "uuid": "7447dd83b8bc4b7fb97d3ec316f529dc",
        "time": 115830,
        "type": "projectelo.timeline.reset"
      },
      {
        "uuid": "7447dd83b8bc4b7fb97d3ec316f529dc",
        "time": 113318,
        "type": "projectelo.timeline.death"
      },
      {
        "uuid": "7447dd83b8bc4b7fb97d3ec316f529dc",
        "time": 102695,
        "type": "nether.find_bastion"
      },
      {
        "uuid": "70eb9286e3e24153a8b37c8f884f1292",
        "time": 101514,
        "type": "nether.root"
      },
      {
        "uuid": "70eb9286e3e24153a8b37c8f884f1292",
        "time": 101506,
        "type": "story.enter_the_nether"
      },
      {
        "uuid": "7447dd83b8bc4b7fb97d3ec316f529dc",
        "time": 87749,
        "type": "adventure.root"
      },
      {
        "uuid": "7447dd83b8bc4b7fb97d3ec316f529dc",
        "time": 87744,
        "type": "adventure.kill_a_mob"
      },
      {
        "uuid": "70eb9286e3e24153a8b37c8f884f1292",
        "time": 74293,
        "type": "adventure.root"
      },
      {
        "uuid": "7447dd83b8bc4b7fb97d3ec316f529dc",
        "time": 70115,
        "type": "story.enter_the_nether"
      },
      {
        "uuid": "7447dd83b8bc4b7fb97d3ec316f529dc",
        "time": 70113,
        "type": "nether.root"
      },
      {
        "uuid": "70eb9286e3e24153a8b37c8f884f1292",
        "time": 48743,
        "type": "story.mine_stone"
      },
      {
        "uuid": "7447dd83b8bc4b7fb97d3ec316f529dc",
        "time": 33901,
        "type": "story.root"
      },
      {
        "uuid": "70eb9286e3e24153a8b37c8f884f1292",
        "time": 26834,
        "type": "story.root"
      },
      {
        "uuid": "7447dd83b8bc4b7fb97d3ec316f529dc",
        "time": 21946,
        "type": "story.mine_stone"
      },
      {
        "uuid": "70eb9286e3e24153a8b37c8f884f1292",
        "time": 9090,
        "type": "story.form_obsidian"
      },
      {
        "uuid": "7447dd83b8bc4b7fb97d3ec316f529dc",
        "time": 8649,
        "type": "story.form_obsidian"
      }
    ],
    "beginner": false,
    "botSource": null,
    "season": 9,
    "date": 1763836256,
    "seedType": null,
    "bastionType": null,
    "tag": null,
    "replayExist": true
  }
}