{
  "status": "success",
  "data": {
    "id": 3775093,
    "type": 3,
    "seed": {
      "id": null,
      "overworld": null,
      "nether": null,
      "endTowers": null,
      "variations": []
    },
    "category": "ANY",
    "gameMode": "default",
    "players": [
      {
        "uuid": "3b01d4b4fef14f178b75f05c04dd34ef",
        "nickname": "BeefSalad",
        "roleType": 3,
        "eloRate": 2319,
        "eloRank": 10,
        "country": "gb"
      },
      {
        "uuid": "92b63a39b36a445fa94c77ae212dcea3",
        "nickname": "bing_pigs",
        "roleType": 1,
        "eloRate": 2295,
        "eloRank": 13,
        "country": "au"
      }
    ],
    "spectators": [
      {
        "uuid": "dcefd1a265fe4699ae3b56bd548644ec",
        "nickname": "he1ianthus",
        "roleType": 0,
        "eloRate": null,
        "eloRank": null,
        "country": null
      }
    ],
    "result": {
      "uuid": "92b63a39b36a445fa94c77ae212dcea3",
      "time": 556283
    },
    "forfeited": false,
    "decayed": false,
    "rank": {
      "season": null,
      "allTime": null
    },
    "vod": [],
    "changes": [],
    "completions": [
      {
        "uuid": "92b63a39b36a445fa94c77ae212dcea3",
        "time": 556283
      }
    ],
    "timelines": [
      {
        "uuid": "92b63a39b36a445fa94c77ae212dcea3",
        "time": 546314,
        "type": "projectelo.timeline.dragon_death"
      },
      {
        "uuid": "92b63a39b36a445fa94c77ae212dcea3",
        "time": 536195,
        "type": "end.kill_dragon"
      },
      {
        "uuid": "92b63a39b36a445fa94c77ae212dcea3",
        "time": 525364,
        "type": "adventure.shoot_arrow"
      },
      {
        "uuid": "3b01d4b4fef14f178b75f05c04dd34ef",
        "time": 513689,
        "type": "projectelo.timeline.blind_travel"
      },
      {
        "uuid": "92b63a39b36a445fa94c77ae212dcea3",
        "time": 502499,
        "type": "end.root"
      },
      {
        "uuid": "92b63a39b36a445fa94c77ae212dcea3",
        "time": 502493,
        "type": "story.enter_the_end"
      },
      {
        "uuid": "3b01d4b4fef14f178b75f05c04dd34ef",
        "time": 495944,
        "type": "nether.obtain_blaze_rod"
      },
      {
        "uuid": "92b63a39b36a445fa94c77ae212dcea3",
        "time": 484265,
        "type": "story.follow_ender_eye"
      },
      {
        "uuid": "3b01d4b4fef14f178b75f05c04dd34ef",
        "time": 439795,
        "type": "nether.find_fortress"
      },
      {
        "uuid": "92b63a39b36a445fa94c77ae212dcea3",
        "time": 419960,
        "type": "projectelo.timeline.blind_travel"
      },
      {
        "uuid": "3b01d4b4fef14f178b75f05c04dd34ef",
        "time": 372012,
        "type": "adventure.kill_a_mob"
      },
      {
        "uuid": "92b63a39b36a445fa94c77ae212dcea3",
        "time": 371669,
        "type": "nether.obtain_blaze_rod"
      },
      {
        "uuid": "3b01d4b4fef14f178b75f05c04dd34ef",
        "time": 346041,
        "type": "nether.distract_piglin"
      },
      {
        "uuid": "3b01d4b4fef14f178b75f05c04dd34ef",
        "time": 344549,
        "type": "nether.obtain_crying_obsidian"
      },
      {
        "uuid": "3b01d4b4fef14f178b75f05c04dd34ef",
        "time": 344543,
        "type": "story.obtain_armor"
      },
      {
        "uuid": "92b63a39b36a445fa94c77ae212dcea3",
        "time": 330499,
        "type": "adventure.kill_a_mob"
      },
      {
        "uuid": "92b63a39b36a445fa94c77ae212dcea3",
        "time": 330494,
        "type": "adventure.root"
      },
      {
        "uuid": "92b63a39b36a445fa94c77ae212dcea3",
        "time": 326472,
        "type": "nether.find_fortress"
      },
      {
        "uuid": "3b01d4b4fef14f178b75f05c04dd34ef",
        "time": 256796,
        "type": "projectelo.timeline.death"
      },
      {
        "uuid": "3b01d4b4fef14f178b75f05c04dd34ef",
        "time": 256790,
        "type": "adventure.root"
      },
      {
        "uuid": "92b63a39b36a445fa94c77ae212dcea3",
        "time": 214222,
        "type": "nether.obtain_crying_obsidian"
      },
      {
        "uuid": "3b01d4b4fef14f178b75f05c04dd34ef",
        "time": 162990,
        "type": "story.form_obsidian"
      },
      {
        "uuid": "3b01d4b4fef14f178b75f05c04dd34ef",
        "time": 158842,
        "type": "nether.loot_bastion"
      },
      {
        "uuid": "92b63a39b36a445fa94c77ae212dcea3",
        "time": 153821,
        "type": "story.form_obsidian"
      },
      {
        "uuid": "92b63a39b36a445fa94c77ae212dcea3",
        "time": 151744,
        "type": "nether.loot_bastion"
      },
      {
        "uuid": "92b63a39b36a445fa94c77ae212dcea3",
        "time": 147474,
        "type": "nether.find_bastion"
      },
      {
        "uuid": "3b01d4b4fef14f178b75f05c04dd34ef",
        "time": 144742,
        "type": "nether.find_bastion"
      },
      {
        "uuid": "3b01d4b4fef14f178b75f05c04dd34ef",
        "time": 104566,
        "type": "nether.root"
      },
      {
        "uuid": "3b01d4b4fef14f178b75f05c04dd34ef",
        "time": 104560,
        "type": "story.enter_the_nether"
      },
      {
        "uuid": "3b01d4b4fef14f178b75f05c04dd34ef",
        "time": 103188,
        "type": "husbandry.root"
      },
      {
        "uuid": "92b63a39b36a445fa94c77ae212dcea3",
        "time": 95142,
        "type": "nether.root"
      },
      {
        "uuid": "92b63a39b36a445fa94c77ae212dcea3",
        "time": 95140,
        "type": "story.enter_the_nether"
      },
      {
        "uuid": "3b01d4b4fef14f178b75f05c04dd34ef",
        "time": 94438,
        "type": "story.lava_bucket"
      },
      {
        "uuid": "92b63a39b36a445fa94c77ae212dcea3",
        "time": 93922,
        "type": "husbandry.root"
      },
      {
        "uuid": "92b63a39b36a445fa94c77ae212dcea3",
        "time": 86622,
        "type": "story.lava_bucket"
      },
      {
        "uuid": "3b01d4b4fef14f178b75f05c04dd34ef",
        "time": 71938,
        "type": "story.iron_tools"
      },
      {
        "uuid": "92b63a39b36a445fa94c77ae212dcea3",
        "time": 68172,
        "type": "story.iron_tools"
      },
      {
        "uuid": "3b01d4b4fef14f178b75f05c04dd34ef",
        "time": 65233,
        "type": "story.root"
      },
      {
        "uuid": "92b63a39b36a445fa94c77ae212dcea3",
        "time": 61805,
        "type": "story.root"
      },
      {
        "uuid": "92b63a39b36a445fa94c77ae212dcea3",
        "time": 33323,
        "type": "story.mine_diamond"
      },
      {
        "uuid": "92b63a39b36a445fa94c77ae212dcea3",
        "time": 33123,
        "type": "story.mine_stone"
      },
      {
        "uuid": "92b63a39b36a445fa94c77ae212dcea3",
        "time": 31773,
        "type": "story.smelt_iron"
      },
      {
        "uuid": "3b01d4b4fef14f178b75f05c04dd34ef",
        "time": 29389,
        "type": "story.mine_stone"
      },
      {
        "uuid": "3b01d4b4fef14f178b75f05c04dd34ef",
        "time": 25689,
        "type": "story.mine_diamond"
      },
      {
        "uuid": "3b01d4b4fef14f178b75f05c04dd34ef",
        "time": 24792,
        "type": "story.smelt_iron"
      }
    ],
    "beginner": false,
    "botSource": null,
    "season": 9,
    "date": 1763840136,
    "seedType": null,
    "bastionType": null,
    "tag": null,
    "replayExist": true
  }
}