{
  "status": "success",
  "data": {
    "id": 3775201,
    "type": 3,
    "seed": {
      "id": null,
      "overworld": null,
      "nether": null,
      "endTowers": null,
      "variations": []
    },
    "category": "ANY",
    "gameMode": "default",
    "players": [
      {
        "uuid": "3b01d4b4fef14f178b75f05c04dd34ef",
        "nickname": "BeefSalad",
        "roleType": 3,
        "eloRate": 2319,
        "eloRank": 10,
        "country": "gb"
      },
      {
        "uuid": "92b63a39b36a445fa94c77ae212dcea3",
        "nickname": "bing_pigs",
        "roleType": 1,
        "eloRate": 2295,
        "eloRank": 13,
        "country": "au"
      }
    ],
    "spectators": [
      {
        "uuid": "dcefd1a265fe4699ae3b56bd548644ec",
        "nickname": "he1ianthus",
        "roleType": 0,
        "eloRate": null,
        "eloRank": null,
        "country": null
      }
    ],
    "result": {
      "uuid": "92b63a39b36a445fa94c77ae212dcea3",
      "time": 503062
    },
    "forfeited": false,
    "decayed": false,
    "rank": {
      "season": null,
      "allTime": null
    },
    "vod": [],
    "changes": [],
    "completions": [
      {
        "uuid": "92b63a39b36a445fa94c77ae212dcea3",
        "time": 503062
      }
    ],
    "timelines": [
      {
        "uuid": "3b01d4b4fef14f178b75f05c04dd34ef",
        "time": 500791,
        "type": "end.kill_dragon"
      },
      {
        "uuid": "92b63a39b36a445fa94c77ae212dcea3",
        "time": 493101,
        "type": "projectelo.timeline.dragon_death"
      },
      {
        "uuid": "3b01d4b4fef14f178b75f05c04dd34ef",
        "time": 492978,
        "type": "adventure.shoot_arrow"
      },
      {
        "uuid": "3b01d4b4fef14f178b75f05c04dd34ef",
        "time": 492835,
        "type": "adventure.ol_betsy"
      },
      {
        "uuid": "92b63a39b36a445fa94c77ae212dcea3",
        "time": 481324,
        "type": "end.kill_dragon"
      },
      {
        "uuid": "92b63a39b36a445fa94c77ae212dcea3",
        "time": 473201,
        "type": "adventure.shoot_arrow"
      },
      {
        "uuid": "92b63a39b36a445fa94c77ae212dcea3",
        "time": 473061,
        "type": "adventure.ol_betsy"
      },
      {
        "uuid": "3b01d4b4fef14f178b75f05c04dd34ef",
        "time": 469011,
        "type": "end.root"
      },
      {
        "uuid": "3b01d4b4fef14f178b75f05c04dd34ef",
        "time": 469005,
        "type": "story.enter_the_end"
      },
      {
        "uuid": "92b63a39b36a445fa94c77ae212dcea3",
        "time": 447942,
        "type": "end.root"
      },
      {
        "uuid": "92b63a39b36a445fa94c77ae212dcea3",
        "time": 447935,
        "type": "story.enter_the_end"
      },
      {
        "uuid": "3b01d4b4fef14f178b75f05c04dd34ef",
        "time": 441925,
        "type": "story.follow_ender_eye"
      },
      {
        "uuid": "92b63a39b36a445fa94c77ae212dcea3",
        "time": 430100,
        "type": "story.follow_ender_eye"
      },
      {
        "uuid": "92b63a39b36a445fa94c77ae212dcea3",
        "time": 379652,
        "type": "projectelo.timeline.blind_travel"
      },
      {
        "uuid": "3b01d4b4fef14f178b75f05c04dd34ef",
        "time": 359813,
        "type": "projectelo.timeline.blind_travel"
      },
      {
        "uuid": "3b01d4b4fef14f178b75f05c04dd34ef",
        "time": 323379,
        "type": "nether.obtain_blaze_rod"
      },
      {
        "uuid": "3b01d4b4fef14f178b75f05c04dd34ef",
        "time": 322866,
        "type": "adventure.root"
      },
      {
        "uuid": "3b01d4b4fef14f178b75f05c04dd34ef",
        "time": 322865,
        "type": "adventure.kill_a_mob"
      },
      {
        "uuid": "3b01d4b4fef14f178b75f05c04dd34ef",
        "time": 314328,
        "type": "nether.find_fortress"
      },
      {
        "uuid": "92b63a39b36a445fa94c77ae212dcea3",
        "time": 312503,
        "type": "nether.obtain_blaze_rod"
      },
      {
        "uuid": "92b63a39b36a445fa94c77ae212dcea3",
        "time": 312029,
        "type": "adventure.root"
      },
      {
        "uuid": "92b63a39b36a445fa94c77ae212dcea3",
        "time": 312023,
        "type": "adventure.kill_a_mob"
      },
      {
        "uuid": "92b63a39b36a445fa94c77ae212dcea3",
        "time": 273453,
        "type": "nether.find_fortress"
      },
      {
        "uuid": "92b63a39b36a445fa94c77ae212dcea3",
        "time": 203109,
        "type": "nether.loot_bastion"
      },
      {
        "uuid": "3b01d4b4fef14f178b75f05c04dd34ef",
        "time": 198912,
        "type": "nether.loot_bastion"
      },
      {
        "uuid": "92b63a39b36a445fa94c77ae212dcea3",
        "time": 198165,
        "type": "nether.obtain_crying_obsidian"
      },
      {
        "uuid": "92b63a39b36a445fa94c77ae212dcea3",
        "time": 198160,
        "type": "story.form_obsidian"
      },
      {
        "uuid": "3b01d4b4fef14f178b75f05c04dd34ef",
        "time": 195127,
        "type": "story.form_obsidian"
      },
      {
        "uuid": "3b01d4b4fef14f178b75f05c04dd34ef",
        "time": 195026,
        "type": "nether.obtain_crying_obsidian"
      },
      {
        "uuid": "3b01d4b4fef14f178b75f05c04dd34ef",
        "time": 169526,
        "type": "husbandry.root"
      },
      {
        "uuid": "92b63a39b36a445fa94c77ae212dcea3",
        "time": 157408,
        "type": "husbandry.root"
      },
      {
        "uuid": "3b01d4b4fef14f178b75f05c04dd34ef",
        "time": 126326,
        "type": "nether.find_bastion"
      },
      {
        "uuid": "92b63a39b36a445fa94c77ae212dcea3",
        "time": 117909,
        "type": "nether.find_bastion"
      },
      {
        "uuid": "3b01d4b4fef14f178b75f05c04dd34ef",
        "time": 85048,
        "type": "nether.root"
      },
      {
        "uuid": "3b01d4b4fef14f178b75f05c04dd34ef",
        "time": 85042,
        "type": "story.enter_the_nether"
      },
      {
        "uuid": "92b63a39b36a445fa94c77ae212dcea3",
        "time": 83234,
        "type": "nether.root"
      },
      {
        "uuid": "92b63a39b36a445fa94c77ae212dcea3",
        "time": 83229,
        "type": "story.enter_the_nether"
      },
      {
        "uuid": "3b01d4b4fef14f178b75f05c04dd34ef",
        "time": 82025,
        "type": "story.mine_stone"
      },
      {
        "uuid": "92b63a39b36a445fa94c77ae212dcea3",
        "time": 79308,
        "type": "story.mine_stone"
      },
      {
        "uuid": "3b01d4b4fef14f178b75f05c04dd34ef",
        "time": 75272,
        "type": "story.lava_bucket"
      },
      {
        "uuid": "92b63a39b36a445fa94c77ae212dcea3",
        "time": 74458,
        "type": "story.lava_bucket"
      },
      {
        "uuid": "3b01d4b4fef14f178b75f05c04dd34ef",
        "time": 34024,
        "type": "story.iron_tools"
      },
      {
        "uuid": "92b63a39b36a445fa94c77ae212dcea3",
        "time": 33808,
        "type": "story.iron_tools"
      },
      {
        "uuid": "3b01d4b4fef14f178b75f05c04dd34ef",
        "time": 29754,
        "type": "story.root"
      },
      {
        "uuid": "92b63a39b36a445fa94c77ae212dcea3",
        "time": 28378,
        "type": "story.root"
      },
      {
        "uuid": "3b01d4b4fef14f178b75f05c04dd34ef",
        "time": 18477,
        "type": "story.mine_diamond"
      },
      {
        "uuid": "3b01d4b4fef14f178b75f05c04dd34ef",
        "time": 18471,
        "type": "story.smelt_iron"
      },
      {
        "uuid": "92b63a39b36a445fa94c77ae212dcea3",
        "time": 16565,
        "type": "story.mine_diamond"
      },
      {
        "uuid": "92b63a39b36a445fa94c77ae212dcea3",
        "time": 16559,
        "type": "story.smelt_iron"
      }
    ],
    "beginner": false,
    "botSource": null,
    "season": 9,
    "date": 1763840701,
    "seedType": null,
    "bastionType": null,
    "tag": null,
    "replayExist": true
  }
}