{
  "status": "success",
  "data": {
    "id": 3776307,
    "type": 3,
    "seed": {
      "id": null,
      "overworld": null,
      "nether": null,
      "endTowers": null,
      "variations": []
    },
    "category": "ANY",
    "gameMode": "default",
    "players": [
      {
        "uuid": "70eb9286e3e24153a8b37c8f884f1292",
        "nickname": "7rowl",
        "roleType": 3,
        "eloRate": 2196,
        "eloRank": 24,
        "country": "ua"
      },
      {
        "uuid": "92b63a39b36a445fa94c77ae212dcea3",
        "nickname": "bing_pigs",
        "roleType": 1,
        "eloRate": 2295,
        "eloRank": 13,
        "country": "au"
      }
    ],
    "spectators": [
      {
        "uuid": "e42ad3f32630449d96a1bda7dbcabbe7",
        "nickname": "wrongy",
        "roleType": 0,
        "eloRate": null,
        "eloRank": null,
        "country": "br"
      }
    ],
    "result": {
      "uuid": "70eb9286e3e24153a8b37c8f884f1292",
      "time": 965071
    },
    "forfeited": false,
    "decayed": false,
    "rank": {
      "season": null,
      "allTime": null
    },
    "vod": [],
    "changes": [],
    "completions": [
      {
        "uuid": "70eb9286e3e24153a8b37c8f884f1292",
        "time": 965071
      }
    ],
    "timelines": [
      {
        "uuid": "92b63a39b36a445fa94c77ae212dcea3",
        "time": 960973,
        "type": "projectelo.timeline.dragon_death"
      },
      {
        "uuid": "70eb9286e3e24153a8b37c8f884f1292",
        "time": 955066,
        "type": "projectelo.timeline.dragon_death"
      },
      {
        "uuid": "92b63a39b36a445fa94c77ae212dcea3",
        "time": 950924,
        "type": "end.kill_dragon"
      },
      {
        "uuid": "92b63a39b36a445fa94c77ae212dcea3",
        "time": 917708,
        "type": "end.root"
      },
      {
        "uuid": "92b63a39b36a445fa94c77ae212dcea3",
        "time": 917703,
        "type": "story.enter_the_end"
      },
      {
        "uuid": "70eb9286e3e24153a8b37c8f884f1292",
        "time": 913221,
        "type": "story.enter_the_end"
      },
      {
        "uuid": "70eb9286e3e24153a8b37c8f884f1292",
        "time": 913216,
        "type": "end.root"
      },
      {
        "uuid": "92b63a39b36a445fa94c77ae212dcea3",
        "time": 897626,
        "type": "story.follow_ender_eye"
      },
      {
        "uuid": "70eb9286e3e24153a8b37c8f884f1292",
        "time": 897114,
        "type": "story.follow_ender_eye"
      },
      {
        "uuid": "92b63a39b36a445fa94c77ae212dcea3",
        "time": 827406,
        "type": "projectelo.timeline.blind_travel"
      },
      {
        "uuid": "70eb9286e3e24153a8b37c8f884f1292",
        "time": 823588,
        "type": "projectelo.timeline.blind_travel"
      },
      {
        "uuid": "70eb9286e3e24153a8b37c8f884f1292",
        "time": 749658,
        "type": "nether.obtain_blaze_rod"
      },
      {
        "uuid": "92b63a39b36a445fa94c77ae212dcea3",
        "time": 747178,
        "type": "nether.obtain_blaze_rod"
      },
      {
        "uuid": "92b63a39b36a445fa94c77ae212dcea3",
        "time": 746255,
        "type": "adventure.root"
      },
      {
        "uuid": "92b63a39b36a445fa94c77ae212dcea3",
        "time": 746249,
        "type": "adventure.kill_a_mob"
      },
      {
        "uuid": "92b63a39b36a445fa94c77ae212dcea3",
        "time": 740326,
        "type": "nether.find_fortress"
      },
      {
        "uuid": "70eb9286e3e24153a8b37c8f884f1292",
        "time": 739862,
        "type": "adventure.kill_a_mob"
      },
      {
        "uuid": "70eb9286e3e24153a8b37c8f884f1292",
        "time": 739857,
        "type": "adventure.root"
      },
      {
        "uuid": "70eb9286e3e24153a8b37c8f884f1292",
        "time": 727609,
        "type": "nether.find_fortress"
      },
      {
        "uuid": "70eb9286e3e24153a8b37c8f884f1292",
        "time": 690159,
        "type": "nether.obtain_crying_obsidian"
      },
      {
        "uuid": "70eb9286e3e24153a8b37c8f884f1292",
        "time": 681523,
        "type": "nether.loot_bastion"
      },
      {
        "uuid": "92b63a39b36a445fa94c77ae212dcea3",
        "time": 680778,
        "type": "nether.obtain_crying_obsidian"
      },
      {
        "uuid": "92b63a39b36a445fa94c77ae212dcea3",
        "time": 668647,
        "type": "nether.loot_bastion"
      },
      {
        "uuid": "92b63a39b36a445fa94c77ae212dcea3",
        "time": 602280,
        "type": "nether.find_bastion"
      },
      {
        "uuid": "92b63a39b36a445fa94c77ae212dcea3",
        "time": 567979,
        "type": "nether.root"
      },
      {
        "uuid": "92b63a39b36a445fa94c77ae212dcea3",
        "time": 567974,
        "type": "story.enter_the_nether"
      },
      {
        "uuid": "92b63a39b36a445fa94c77ae212dcea3",
        "time": 567430,
        "type": "husbandry.root"
      },
      {
        "uuid": "70eb9286e3e24153a8b37c8f884f1292",
        "time": 560608,
        "type": "nether.find_bastion"
      },
      {
        "uuid": "92b63a39b36a445fa94c77ae212dcea3",
        "time": 553430,
        "type": "story.lava_bucket"
      },
      {
        "uuid": "70eb9286e3e24153a8b37c8f884f1292",
        "time": 533859,
        "type": "husbandry.root"
      },
      {
        "uuid": "70eb9286e3e24153a8b37c8f884f1292",
        "time": 525442,
        "type": "story.enter_the_nether"
      },
      {
        "uuid": "70eb9286e3e24153a8b37c8f884f1292",
        "time": 525436,
        "type": "nether.root"
      },
      {
        "uuid": "70eb9286e3e24153a8b37c8f884f1292",
        "time": 515312,
        "type": "story.lava_bucket"
      },
      {
        "uuid": "92b63a39b36a445fa94c77ae212dcea3",
        "time": 482833,
        "type": "story.mine_stone"
      },
      {
        "uuid": "92b63a39b36a445fa94c77ae212dcea3",
        "time": 480634,
        "type": "story.iron_tools"
      },
      {
        "uuid": "92b63a39b36a445fa94c77ae212dcea3",
        "time": 475532,
        "type": "story.root"
      },
      {
        "uuid": "92b63a39b36a445fa94c77ae212dcea3",
        "time": 474182,
        "type": "story.form_obsidian"
      },
      {
        "uuid": "92b63a39b36a445fa94c77ae212dcea3",
        "time": 454132,
        "type": "story.obtain_armor"
      },
      {
        "uuid": "92b63a39b36a445fa94c77ae212dcea3",
        "time": 444932,
        "type": "story.smelt_iron"
      },
      {
        "uuid": "70eb9286e3e24153a8b37c8f884f1292",
        "time": 442005,
        "type": "story.mine_stone"
      },
      {
        "uuid": "70eb9286e3e24153a8b37c8f884f1292",
        "time": 438403,
        "type": "story.iron_tools"
      },
      {
        "uuid": "70eb9286e3e24153a8b37c8f884f1292",
        "time": 433246,
        "type": "story.root"
      },
      {
        "uuid": "70eb9286e3e24153a8b37c8f884f1292",
        "time": 428805,
        "type": "story.obtain_armor"
      },
      {
        "uuid": "92b63a39b36a445fa94c77ae212dcea3",
        "time": 414059,
        "type": "projectelo.timeline.reset"
      },
      {
        "uuid": "70eb9286e3e24153a8b37c8f884f1292",
        "time": 408410,
        "type": "story.form_obsidian"
      },
      {
        "uuid": "70eb9286e3e24153a8b37c8f884f1292",
        "time": 408405,
        "type": "story.smelt_iron"
      },
      {
        "uuid": "92b63a39b36a445fa94c77ae212dcea3",
        "time": 406882,
        "type": "projectelo.timeline.death"
      },
      {
        "uuid": "70eb9286e3e24153a8b37c8f884f1292",
        "time": 382669,
        "type": "projectelo.timeline.reset"
      },
      {
        "uuid": "70eb9286e3e24153a8b37c8f884f1292",
        "time": 379759,
        "type": "projectelo.timeline.death"
      },
      {
        "uuid": "70eb9286e3e24153a8b37c8f884f1292",
        "time": 376009,
        "type": "nether.obtain_blaze_rod"
      },
      {
        "uuid": "70eb9286e3e24153a8b37c8f884f1292",
        "time": 359263,
        "type": "nether.find_fortress"
      },
      {
        "uuid": "92b63a39b36a445fa94c77ae212dcea3",
        "time": 352335,
        "type": "nether.obtain_blaze_rod"
      },
      {
        "uuid": "92b63a39b36a445fa94c77ae212dcea3",
        "time": 351840,
        "type": "adventure.root"
      },
      {
        "uuid": "92b63a39b36a445fa94c77ae212dcea3",
        "time": 351835,
        "type": "adventure.kill_a_mob"
      },
      {
        "uuid": "92b63a39b36a445fa94c77ae212dcea3",
        "time": 344833,
        "type": "nether.find_fortress"
      },
      {
        "uuid": "92b63a39b36a445fa94c77ae212dcea3",
        "time": 289535,
        "type": "nether.loot_bastion"
      },
      {
        "uuid": "70eb9286e3e24153a8b37c8f884f1292",
        "time": 288511,
        "type": "story.obtain_armor"
      },
      {
        "uuid": "70eb9286e3e24153a8b37c8f884f1292",
        "time": 279276,
        "type": "nether.loot_bastion"
      },
      {
        "uuid": "92b63a39b36a445fa94c77ae212dcea3",
        "time": 273386,
        "type": "nether.obtain_crying_obsidian"
      },
      {
        "uuid": "70eb9286e3e24153a8b37c8f884f1292",
        "time": 260160,
        "type": "nether.obtain_crying_obsidian"
      },
      {
        "uuid": "70eb9286e3e24153a8b37c8f884f1292",
        "time": 247718,
        "type": "story.form_obsidian"
      },
      {
        "uuid": "70eb9286e3e24153a8b37c8f884f1292",
        "time": 217410,
        "type": "husbandry.root"
      },
      {
        "uuid": "70eb9286e3e24153a8b37c8f884f1292",
        "time": 200975,
        "type": "adventure.kill_a_mob"
      },
      {
        "uuid": "92b63a39b36a445fa94c77ae212dcea3",
        "time": 190837,
        "type": "nether.find_bastion"
      },
      {
        "uuid": "92b63a39b36a445fa94c77ae212dcea3",
        "time": 155659,
        "type": "nether.root"
      },
      {
        "uuid": "92b63a39b36a445fa94c77ae212dcea3",
        "time": 155654,
        "type": "story.enter_the_nether"
      },
      {
        "uuid": "92b63a39b36a445fa94c77ae212dcea3",
        "time": 154036,
        "type": "husbandry.root"
      },
      {
        "uuid": "70eb9286e3e24153a8b37c8f884f1292",
        "time": 149960,
        "type": "nether.find_bastion"
      },
      {
        "uuid": "92b63a39b36a445fa94c77ae212dcea3",
        "time": 143636,
        "type": "story.lava_bucket"
      },
      {
        "uuid": "70eb9286e3e24153a8b37c8f884f1292",
        "time": 130661,
        "type": "story.enter_the_nether"
      },
      {
        "uuid": "70eb9286e3e24153a8b37c8f884f1292",
        "time": 130655,
        "type": "nether.root"
      },
      {
        "uuid": "70eb9286e3e24153a8b37c8f884f1292",
        "time": 119858,
        "type": "story.lava_bucket"
      },
      {
        "uuid": "92b63a39b36a445fa94c77ae212dcea3",
        "time": 89437,
        "type": "story.mine_stone"
      },
      {
        "uuid": "92b63a39b36a445fa94c77ae212dcea3",
        "time": 86686,
        "type": "story.iron_tools"
      },
      {
        "uuid": "92b63a39b36a445fa94c77ae212dcea3",
        "time": 82476,
        "type": "story.root"
      },
      {
        "uuid": "70eb9286e3e24153a8b37c8f884f1292",
        "time": 53504,
        "type": "adventure.root"
      },
      {
        "uuid": "92b63a39b36a445fa94c77ae212dcea3",
        "time": 49136,
        "type": "story.obtain_armor"
      },
      {
        "uuid": "92b63a39b36a445fa94c77ae212dcea3",
        "time": 37337,
        "type": "story.form_obsidian"
      },
      {
        "uuid": "70eb9286e3e24153a8b37c8f884f1292",
        "time": 31610,
        "type": "story.mine_stone"
      },
      {
        "uuid": "70eb9286e3e24153a8b37c8f884f1292",
        "time": 30109,
        "type": "story.iron_tools"
      },
      {
        "uuid": "70eb9286e3e24153a8b37c8f884f1292",
        "time": 26451,
        "type": "story.root"
      },
      {
        "uuid": "70eb9286e3e24153a8b37c8f884f1292",
        "time": 24358,
        "type": "story.smelt_iron"
      },
      {
        "uuid": "92b63a39b36a445fa94c77ae212dcea3",
        "time": 18688,
        "type": "story.smelt_iron"
      }
    ],
    "beginner": false,
    "botSource": null,
    "season": 9,
    "date": 1763846417,
    "seedType": null,
    "bastionType": null,
    "tag": null,
    "replayExist": true
  }
}