{
  "status": "success",
  "data": {
    "id": 3776517,
    "type": 3,
    "seed": {
      "id": null,
      "overworld": null,
      "nether": null,
      "endTowers": null,
      "variations": []
    },
    "category": "ANY",
    "gameMode": "default",
    "players": [
      {
        "uuid": "70eb9286e3e24153a8b37c8f884f1292",
        "nickname": "7rowl",
        "roleType": 3,
        "eloRate": 2196,
        "eloRank": 24,
        "country": "ua"
      },
      {
        "uuid": "92b63a39b36a445fa94c77ae212dcea3",
        "nickname": "bing_pigs",
        "roleType": 1,
        "eloRate": 2295,
        "eloRank": 13,
        "country": "au"
      }
    ],
    "spectators": [
      {
        "uuid": "e42ad3f32630449d96a1bda7dbcabbe7",
        "nickname": "wrongy",
        "roleType": 0,
        "eloRate": null,
        "eloRank": null,
        "country": "br"
      }
    ],
    "result": {
      "uuid": "70eb9286e3e24153a8b37c8f884f1292",
      "time": 425148
    },
    "forfeited": false,
    "decayed": false,
    "rank": {
      "season": null,
      "allTime": null
    },
    "vod": [],
    "changes": [],
    "completions": [
      {
        "uuid": "70eb9286e3e24153a8b37c8f884f1292",
        "time": 425148
      }
    ],
    "timelines": [
      {
        "uuid": "70eb9286e3e24153a8b37c8f884f1292",
        "time": 415190,
        "type": "projectelo.timeline.dragon_death"
      },
      {
        "uuid": "70eb9286e3e24153a8b37c8f884f1292",
        "time": 405798,
        "type": "end.kill_dragon"
      },
      {
        "uuid": "70eb9286e3e24153a8b37c8f884f1292",
        "time": 397589,
        "type": "adventure.shoot_arrow"
      },
      {
        "uuid": "92b63a39b36a445fa94c77ae212dcea3",
        "time": 392287,
        "type": "story.follow_ender_eye"
      },
      {
        "uuid": "70eb9286e3e24153a8b37c8f884f1292",
        "time": 368757,
        "type": "end.root"
      },
      {
        "uuid": "70eb9286e3e24153a8b37c8f884f1292",
        "time": 368752,
        "type": "story.enter_the_end"
      },
      {
        "uuid": "70eb9286e3e24153a8b37c8f884f1292",
        "time": 360741,
        "type": "projectelo.timeline.death_spawnpoint"
      },
      {
        "uuid": "70eb9286e3e24153a8b37c8f884f1292",
        "time": 319499,
        "type": "story.follow_ender_eye"
      },
      {
        "uuid": "92b63a39b36a445fa94c77ae212dcea3",
        "time": 296208,
        "type": "projectelo.timeline.blind_travel"
      },
      {
        "uuid": "70eb9286e3e24153a8b37c8f884f1292",
        "time": 263209,
        "type": "projectelo.timeline.blind_travel"
      },
      {
        "uuid": "70eb9286e3e24153a8b37c8f884f1292",
        "time": 254641,
        "type": "story.mine_stone"
      },
      {
        "uuid": "92b63a39b36a445fa94c77ae212dcea3",
        "time": 214634,
        "type": "nether.obtain_blaze_rod"
      },
      {
        "uuid": "92b63a39b36a445fa94c77ae212dcea3",
        "time": 214151,
        "type": "adventure.root"
      },
      {
        "uuid": "92b63a39b36a445fa94c77ae212dcea3",
        "time": 214146,
        "type": "adventure.kill_a_mob"
      },
      {
        "uuid": "92b63a39b36a445fa94c77ae212dcea3",
        "time": 204085,
        "type": "nether.find_fortress"
      },
      {
        "uuid": "70eb9286e3e24153a8b37c8f884f1292",
        "time": 201040,
        "type": "nether.obtain_blaze_rod"
      },
      {
        "uuid": "70eb9286e3e24153a8b37c8f884f1292",
        "time": 196288,
        "type": "nether.find_fortress"
      },
      {
        "uuid": "70eb9286e3e24153a8b37c8f884f1292",
        "time": 195840,
        "type": "husbandry.root"
      },
      {
        "uuid": "92b63a39b36a445fa94c77ae212dcea3",
        "time": 187636,
        "type": "husbandry.root"
      },
      {
        "uuid": "70eb9286e3e24153a8b37c8f884f1292",
        "time": 155288,
        "type": "story.smelt_iron"
      },
      {
        "uuid": "92b63a39b36a445fa94c77ae212dcea3",
        "time": 155134,
        "type": "nether.obtain_crying_obsidian"
      },
      {
        "uuid": "70eb9286e3e24153a8b37c8f884f1292",
        "time": 153892,
        "type": "nether.loot_bastion"
      },
      {
        "uuid": "70eb9286e3e24153a8b37c8f884f1292",
        "time": 152437,
        "type": "adventure.kill_a_mob"
      },
      {
        "uuid": "70eb9286e3e24153a8b37c8f884f1292",
        "time": 149639,
        "type": "nether.obtain_crying_obsidian"
      },
      {
        "uuid": "92b63a39b36a445fa94c77ae212dcea3",
        "time": 146885,
        "type": "story.smelt_iron"
      },
      {
        "uuid": "92b63a39b36a445fa94c77ae212dcea3",
        "time": 145400,
        "type": "nether.loot_bastion"
      },
      {
        "uuid": "92b63a39b36a445fa94c77ae212dcea3",
        "time": 74787,
        "type": "story.mine_stone"
      },
      {
        "uuid": "70eb9286e3e24153a8b37c8f884f1292",
        "time": 68290,
        "type": "nether.find_bastion"
      },
      {
        "uuid": "70eb9286e3e24153a8b37c8f884f1292",
        "time": 67497,
        "type": "nether.root"
      },
      {
        "uuid": "70eb9286e3e24153a8b37c8f884f1292",
        "time": 67492,
        "type": "story.enter_the_nether"
      },
      {
        "uuid": "92b63a39b36a445fa94c77ae212dcea3",
        "time": 58869,
        "type": "nether.find_bastion"
      },
      {
        "uuid": "92b63a39b36a445fa94c77ae212dcea3",
        "time": 58817,
        "type": "story.enter_the_nether"
      },
      {
        "uuid": "92b63a39b36a445fa94c77ae212dcea3",
        "time": 58811,
        "type": "nether.root"
      },
      {
        "uuid": "70eb9286e3e24153a8b37c8f884f1292",
        "time": 51926,
        "type": "adventure.root"
      },
      {
        "uuid": "92b63a39b36a445fa94c77ae212dcea3",
        "time": 30985,
        "type": "story.iron_tools"
      },
      {
        "uuid": "70eb9286e3e24153a8b37c8f884f1292",
        "time": 30835,
        "type": "story.iron_tools"
      },
      {
        "uuid": "92b63a39b36a445fa94c77ae212dcea3",
        "time": 26789,
        "type": "story.root"
      },
      {
        "uuid": "70eb9286e3e24153a8b37c8f884f1292",
        "time": 25527,
        "type": "story.root"
      },
      {
        "uuid": "70eb9286e3e24153a8b37c8f884f1292",
        "time": 14189,
        "type": "story.form_obsidian"
      },
      {
        "uuid": "92b63a39b36a445fa94c77ae212dcea3",
        "time": 13199,
        "type": "story.form_obsidian"
      }
    ],
    "beginner": false,
    "botSource": null,
    "season": 9,
    "date": 1763847569,
    "seedType": null,
    "bastionType": null,
    "tag": null,
    "replayExist": true
  }
}